0.19,0.64,0.99,0.25,0.08,,,,,,,,,
0.19,0.64,0.99,0.25,0.08,,,,,,,,,
0.19,0.64,0.99,0.25,0.09,,,,,,DIGITAL_AVERAGE_BLACK,,,
0.19,0.64,0.99,0.25,0.08,,,,,,,,,
0.19,0.64,0.99,0.25,0.08,,,,,DN1,DN2,DN3,DN4,DN5
0.19,0.64,0.99,0.26,0.09,,,,,0.19,0.64,0.99,0.25,0.08
0.19,0.64,0.99,0.25,0.08,,,,,,,,,
0.19,0.64,0.99,0.25,0.09,,,,,,,,,
0.19,0.64,0.99,0.25,0.08,,,,,,,,,
0.19,0.64,0.99,0.26,0.09,,,,,,,,,
0.19,0.63,1,0.25,0.09,,,,,,,,,
0.19,0.64,0.99,0.25,0.1,,,,,,,,,
0.19,0.64,0.99,0.25,0.08,,,,,,,,,
0.19,0.64,0.99,0.25,0.09,,,,,,,,,
0.19,0.63,0.99,0.25,0.08,,,,,,,,,
0.19,0.64,0.99,0.25,0.08,,,,,,,,,
0.19,0.63,0.99,0.25,0.08,,,,,,,,,
0.19,0.64,0.99,0.25,0.08,,,,,,,,,
0.19,0.64,0.99,0.26,0.09,,,,,,,,,
0.19,0.64,0.99,0.25,0.08,,,,,,,,,
0.19,0.64,0.99,0.26,0.09,,,,,,,,,
0.19,0.63,0.99,0.26,0.09,,,,,,,,,
0.19,0.63,0.99,0.25,0.09,,,,,,,,,
0.19,0.63,0.99,0.25,0.08,,,,,,,,,
0.19,0.64,0.99,0.25,0.08,,,,,,,,,
0.19,0.63,0.99,0.25,0.08,,,,,,,,,
0.19,0.64,0.99,0.25,0.09,,,,,,,,,
0.19,0.63,0.99,0.25,0.08,,,,,,,,,
0.19,0.64,1,0.25,0.08,,,,,,,,,
0.19,0.63,0.99,0.26,0.09,,,,,,,,,
0.19,0.64,0.99,0.25,0.1,,,,,,,,,
0.19,0.63,1,0.26,0.09,,,,,,,,,
0.19,0.64,0.99,0.26,0.09,,,,,,,,,
0.19,0.63,0.98,0.25,0.09,,,,,,,,,
0.19,0.64,0.99,0.25,0.09,,,,,,,,,
0.19,0.63,0.99,0.25,0.09,,,,,,,,,
0.19,0.64,0.99,0.25,0.08,,,,,,,,,
0.19,0.63,0.99,0.25,0.09,,,,,,,,,
0.19,0.64,0.99,0.25,0.08,,,,,,,,,
0.19,0.64,0.99,0.25,0.08,,,,,,,,,
0.19,0.64,0.99,0.25,0.08,,,,,,,,,
0.19,0.64,0.99,0.25,0.08,,,,,,,,,
0.19,0.63,1,0.25,0.09,,,,,,,,,
0.19,0.64,0.99,0.25,0.08,,,,,,,,,
0.19,0.63,0.99,0.25,0.09,,,,,,,,,
0.19,0.63,0.99,0.25,0.09,,,,,,,,,
0.19,0.63,0.99,0.25,0.09,,,,,,,,,
0.19,0.64,0.99,0.25,0.08,,,,,,,,,
0.19,0.64,0.99,0.25,0.09,,,,,,,,,
0.19,0.63,0.98,0.25,0.08,,,,,,,,,
0.19,0.63,0.99,0.25,0.08,,,,,,,,,
0.19,0.63,0.98,0.25,0.08,,,,,,,,,
0.19,0.63,0.99,0.25,0.08,,,,,,,,,
0.19,0.64,0.99,0.26,0.09,,,,,,,,,
0.19,0.63,0.99,0.25,0.08,,,,,,,,,
0.19,0.63,0.98,0.26,0.09,,,,,,,,,
0.18,0.64,1,0.25,0.08,,,,,,,,,
0.19,0.63,1,0.25,0.09,,,,,,,,,
0.19,0.63,0.99,0.25,0.08,,,,,,,,,
0.19,0.64,0.99,0.25,0.08,,,,,,,,,
0.19,0.64,0.99,0.25,0.08,,,,,,,,,
0.19,0.64,0.99,0.25,0.09,,,,,,,,,
0.19,0.64,0.99,0.25,0.08,,,,,,,,,
0.19,0.64,1,0.25,0.08,,,,,,,,,
0.19,0.63,1,0.26,0.09,,,,,,,,,
0.19,0.64,0.99,0.25,0.08,,,,,,,,,
0.18,0.64,0.99,0.26,0.08,,,,,,,,,
0.19,0.63,0.98,0.25,0.08,,,,,,,,,
0.19,0.64,0.99,0.25,0.09,,,,,,,,,
0.19,0.63,0.99,0.25,0.09,,,,,,,,,
0.19,0.64,1,0.25,0.08,,,,,,,,,
0.19,0.64,0.99,0.25,0.08,,,,,,,,,
0.19,0.63,0.99,0.26,0.09,,,,,,,,,
0.19,0.63,1,0.25,0.08,,,,,,,,,
0.19,0.63,0.99,0.25,0.08,,,,,,,,,
0.18,0.62,0.97,0.24,0.09,,,,,,,,,
0.19,0.64,0.99,0.25,0.08,,,,,,,,,
0.19,0.63,1,0.25,0.09,,,,,,,,,
0.19,0.63,0.99,0.25,0.08,,,,,,,,,
0.19,0.64,0.99,0.25,0.09,,,,,,,,,
0.19,0.63,1,0.25,0.09,,,,,,,,,
0.19,0.63,0.99,0.25,0.1,,,,,,,,,
0.19,0.64,0.99,0.25,0.08,,,,,,,,,
0.19,0.63,1,0.26,0.09,,,,,,,,,
0.19,0.64,0.99,0.25,0.08,,,,,,,,,
0.19,0.63,1,0.25,0.08,,,,,,,,,
0.19,0.63,0.98,0.25,0.09,,,,,,,,,
0.19,0.64,1,0.25,0.08,,,,,,,,,
0.19,0.63,0.99,0.26,0.09,,,,,,,,,
0.19,0.64,0.99,0.25,0.08,,,,,,,,,
0.19,0.64,0.99,0.26,0.08,,,,,,,,,
0.19,0.64,0.99,0.26,0.09,,,,,,,,,
0.19,0.64,0.99,0.25,0.09,,,,,,,,,
0.19,0.63,0.99,0.25,0.08,,,,,,,,,
0.19,0.63,0.99,0.25,0.08,,,,,,,,,
0.19,0.64,0.99,0.25,0.08,,,,,,,,,
0.19,0.63,0.98,0.25,0.09,,,,,,,,,
0.19,0.63,0.98,0.25,0.08,,,,,,,,,
0.19,0.64,0.99,0.25,0.08,,,,,,,,,
0.19,0.63,0.99,0.26,0.09,,,,,,,,,
0.19,0.64,0.99,0.25,0.08,,,,,,,,,
0.19,0.63,1,0.25,0.09,,,,,,,,,
0.19,0.64,0.99,0.25,0.08,,,,,,,,,
0.19,0.63,0.99,0.25,0.09,,,,,,,,,
0.19,0.63,0.99,0.25,0.09,,,,,,,,,
0.19,0.63,0.99,0.25,0.08,,,,,,,,,
0.19,0.63,0.99,0.25,0.08,,,,,,,,,
0.19,0.64,0.99,0.26,0.08,,,,,,,,,
0.19,0.63,0.98,0.25,0.08,,,,,,,,,
0.19,0.63,0.99,0.25,0.08,,,,,,,,,
0.18,0.63,0.99,0.25,0.09,,,,,,,,,
0.19,0.64,0.98,0.25,0.08,,,,,,,,,
0.18,0.64,0.99,0.25,0.09,,,,,,,,,
0.19,0.63,0.99,0.25,0.08,,,,,,,,,
0.19,0.64,0.99,0.25,0.09,,,,,,,,,
0.19,0.63,1,0.25,0.09,,,,,,,,,
0.19,0.63,0.98,0.25,0.09,,,,,,,,,
0.19,0.63,1,0.25,0.08,,,,,,,,,
0.19,0.64,0.99,0.25,0.08,,,,,,,,,
0.19,0.63,1,0.25,0.08,,,,,,,,,
0.19,0.63,0.98,0.25,0.1,,,,,,,,,
0.19,0.64,0.99,0.25,0.08,,,,,,,,,
0.19,0.64,0.99,0.25,0.08,,,,,,,,,
0.19,0.63,0.99,0.26,0.09,,,,,,,,,
0.19,0.63,0.99,0.25,0.08,,,,,,,,,
0.19,0.63,0.99,0.25,0.09,,,,,,,,,
0.18,0.63,0.98,0.24,0.08,,,,,,,,,
0.19,0.63,0.99,0.25,0.09,,,,,,,,,
0.19,0.63,0.99,0.25,0.09,,,,,,,,,
0.19,0.63,1,0.25,0.1,,,,,,,,,
0.19,0.63,0.99,0.25,0.08,,,,,,,,,
0.19,0.64,0.99,0.26,0.08,,,,,,,,,
0.19,0.63,0.98,0.25,0.08,,,,,,,,,
0.19,0.63,0.99,0.25,0.08,,,,,,,,,
0.18,0.63,0.98,0.24,0.09,,,,,,,,,
0.19,0.63,0.98,0.25,0.08,,,,,,,,,
0.18,0.63,0.99,0.25,0.09,,,,,,,,,
0.19,0.64,0.99,0.25,0.08,,,,,,,,,
0.19,0.63,0.98,0.25,0.09,,,,,,,,,
0.19,0.64,0.99,0.26,0.08,,,,,,,,,
0.19,0.63,0.98,0.25,0.09,,,,,,,,,
0.19,0.63,0.99,0.25,0.08,,,,,,,,,
0.19,0.64,0.99,0.25,0.08,,,,,,,,,
0.19,0.63,0.99,0.25,0.08,,,,,,,,,
0.19,0.63,0.99,0.25,0.09,,,,,,,,,
0.19,0.64,0.99,0.25,0.08,,,,,,,,,
0.19,0.63,0.98,0.25,0.08,,,,,,,,,
0.18,0.63,1,0.26,0.09,,,,,,,,,
0.19,0.64,1,0.25,0.08,,,,,,,,,
0.19,0.63,0.99,0.26,0.09,,,,,,,,,
0.19,0.63,1,0.25,0.09,,,,,,,,,
0.19,0.63,0.99,0.25,0.09,,,,,,,,,
0.19,0.63,0.99,0.25,0.08,,,,,,,,,
0.19,0.63,0.98,0.25,0.09,,,,,,,,,
0.19,0.63,0.99,0.25,0.08,,,,,,,,,
0.19,0.64,0.99,0.25,0.09,,,,,,,,,
0.19,0.64,0.99,0.25,0.08,,,,,,,,,
0.19,0.63,0.99,0.25,0.08,,,,,,,,,
0.19,0.63,0.98,0.26,0.09,,,,,,,,,
0.19,0.63,0.99,0.25,0.08,,,,,,,,,
0.19,0.64,0.99,0.25,0.09,,,,,,,,,
0.19,0.63,0.99,0.25,0.08,,,,,,,,,
0.19,0.64,0.99,0.25,0.09,,,,,,,,,
0.19,0.63,1,0.25,0.09,,,,,,,,,
0.19,0.63,0.99,0.25,0.09,,,,,,,,,
0.19,0.63,0.99,0.25,0.08,,,,,,,,,
0.18,0.64,0.99,0.25,0.08,,,,,,,,,
0.19,0.64,0.99,0.25,0.08,,,,,,,,,
0.19,0.63,0.99,0.25,0.08,,,,,,,,,
0.19,0.64,0.99,0.25,0.08,,,,,,,,,
0.19,0.63,0.98,0.25,0.08,,,,,,,,,
0.19,0.63,0.99,0.26,0.09,,,,,,,,,
0.19,0.63,0.99,0.25,0.08,,,,,,,,,
0.19,0.64,0.99,0.26,0.08,,,,,,,,,
0.19,0.64,0.99,0.25,0.09,,,,,,,,,
0.19,0.63,0.98,0.25,0.09,,,,,,,,,
0.19,0.63,0.99,0.25,0.08,,,,,,,,,
0.19,0.63,0.99,0.25,0.09,,,,,,,,,
0.19,0.63,0.99,0.25,0.08,,,,,,,,,
0.19,0.63,0.99,0.25,0.08,,,,,,,,,
0.19,0.64,0.99,0.25,0.08,,,,,,,,,
0.19,0.63,0.99,0.25,0.08,,,,,,,,,
0.18,0.64,0.99,0.25,0.08,,,,,,,,,
0.19,0.63,0.99,0.25,0.08,,,,,,,,,
0.18,0.63,0.98,0.25,0.09,,,,,,,,,
0.19,0.63,0.99,0.25,0.08,,,,,,,,,
0.19,0.63,0.99,0.26,0.09,,,,,,,,,
0.19,0.63,0.99,0.25,0.09,,,,,,,,,
0.19,0.63,0.99,0.25,0.09,,,,,,,,,
0.19,0.63,0.99,0.25,0.08,,,,,,,,,
0.19,0.64,0.99,0.26,0.08,,,,,,,,,
0.19,0.64,0.99,0.25,0.08,,,,,,,,,
0.19,0.63,1,0.25,0.08,,,,,,,,,
0.19,0.64,0.99,0.25,0.08,,,,,,,,,
0.19,0.64,1,0.25,0.08,,,,,,,,,
0.18,0.63,0.99,0.26,0.09,,,,,,,,,
0.19,0.63,0.99,0.25,0.08,,,,,,,,,
0.18,0.63,0.99,0.25,0.09,,,,,,,,,
0.19,0.63,0.98,0.26,0.09,,,,,,,,,
0.19,0.63,0.99,0.26,0.08,,,,,,,,,
0.19,0.63,0.99,0.25,0.08,,,,,,,,,
0.19,0.63,0.98,0.25,0.09,,,,,,,,,
0.19,0.63,0.99,0.25,0.08,,,,,,,,,
0.19,0.63,1,0.25,0.08,,,,,,,,,
0.19,0.64,0.99,0.25,0.08,,,,,,,,,
0.19,0.63,0.99,0.25,0.08,,,,,,,,,
0.18,0.64,0.99,0.25,0.08,,,,,,,,,
0.19,0.63,0.99,0.25,0.08,,,,,,,,,
0.19,0.63,0.99,0.26,0.09,,,,,,,,,
0.19,0.64,0.99,0.25,0.08,,,,,,,,,
0.19,0.63,0.98,0.26,0.09,,,,,,,,,
0.19,0.63,0.99,0.25,0.08,,,,,,,,,
0.19,0.64,0.99,0.27,0.09,,,,,,,,,
0.19,0.64,0.99,0.25,0.08,,,,,,,,,
0.19,0.63,0.99,0.26,0.09,,,,,,,,,
0.19,0.63,1,0.25,0.08,,,,,,,,,
0.19,0.64,0.99,0.25,0.08,,,,,,,,,
0.19,0.64,0.99,0.25,0.08,,,,,,,,,
0.19,0.63,0.99,0.25,0.08,,,,,,,,,
0.19,0.63,0.99,0.25,0.09,,,,,,,,,
0.19,0.63,0.99,0.25,0.08,,,,,,,,,
0.19,0.63,0.99,0.26,0.09,,,,,,,,,
0.19,0.64,0.99,0.26,0.08,,,,,,,,,
0.19,0.63,0.99,0.25,0.09,,,,,,,,,
0.19,0.63,0.99,0.25,0.08,,,,,,,,,
0.19,0.64,0.99,0.25,0.08,,,,,,,,,
0.19,0.63,1,0.25,0.08,,,,,,,,,
0.19,0.64,0.99,0.25,0.09,,,,,,,,,
0.19,0.64,0.99,0.25,0.08,,,,,,,,,
0.19,0.63,0.99,0.25,0.08,,,,,,,,,
0.19,0.63,0.98,0.26,0.09,,,,,,,,,
0.19,0.63,0.98,0.25,0.08,,,,,,,,,
0.18,0.64,0.99,0.25,0.09,,,,,,,,,
0.19,0.64,0.99,0.25,0.08,,,,,,,,,
0.19,0.63,0.98,0.26,0.09,,,,,,,,,
0.19,0.63,0.98,0.25,0.09,,,,,,,,,
0.19,0.63,0.98,0.25,0.09,,,,,,,,,
0.19,0.63,0.99,0.25,0.08,,,,,,,,,
0.19,0.64,0.99,0.25,0.09,,,,,,,,,
0.19,0.63,1,0.25,0.08,,,,,,,,,
0.19,0.63,0.98,0.25,0.08,,,,,,,,,
0.19,0.63,0.98,0.25,0.08,,,,,,,,,
0.19,0.64,0.99,0.25,0.08,,,,,,,,,
0.19,0.63,0.99,0.25,0.09,,,,,,,,,
0.19,0.63,0.99,0.25,0.08,,,,,,,,,
0.19,0.63,1,0.26,0.08,,,,,,,,,
0.19,0.63,0.98,0.25,0.09,,,,,,,,,
0.18,0.63,0.99,0.25,0.09,,,,,,,,,
0.19,0.63,0.98,0.25,0.08,,,,,,,,,
0.19,0.64,0.99,0.27,0.09,,,,,,,,,
0.19,0.63,1,0.25,0.08,,,,,,,,,
0.19,0.64,0.99,0.25,0.1,,,,,,,,,
0.19,0.63,1,0.25,0.08,,,,,,,,,
0.19,0.64,1,0.25,0.08,,,,,,,,,
0.19,0.64,0.99,0.25,0.08,,,,,,,,,
0.19,0.63,0.99,0.25,0.08,,,,,,,,,
0.18,0.63,0.99,0.25,0.09,,,,,,,,,
0.19,0.63,0.98,0.26,0.09,,,,,,,,,
0.19,0.63,0.98,0.25,0.09,,,,,,,,,
0.19,0.63,0.99,0.25,0.08,,,,,,,,,
0.19,0.64,0.99,0.26,0.09,,,,,,,,,
0.19,0.63,0.99,0.25,0.08,,,,,,,,,
0.19,0.63,0.98,0.25,0.09,,,,,,,,,
0.19,0.64,0.99,0.25,0.08,,,,,,,,,
0.19,0.63,0.98,0.25,0.08,,,,,,,,,
0.19,0.63,1,0.25,0.09,,,,,,,,,
0.19,0.63,0.98,0.25,0.08,,,,,,,,,
0.19,0.63,0.99,0.25,0.08,,,,,,,,,
0.19,0.63,0.99,0.25,0.08,,,,,,,,,
0.18,0.64,0.99,0.25,0.09,,,,,,,,,
0.19,0.63,0.99,0.26,0.09,,,,,,,,,
0.19,0.63,0.98,0.26,0.09,,,,,,,,,
0.19,0.63,0.99,0.25,0.08,,,,,,,,,
0.19,0.64,1,0.26,0.09,,,,,,,,,
0.19,0.64,0.99,0.25,0.08,,,,,,,,,
0.19,0.63,0.98,0.25,0.09,,,,,,,,,
0.19,0.63,1,0.25,0.08,,,,,,,,,
0.19,0.63,0.99,0.25,0.08,,,,,,,,,
0.19,0.63,1,0.26,0.08,,,,,,,,,
0.19,0.63,0.98,0.25,0.08,,,,,,,,,
0.19,0.63,0.99,0.25,0.08,,,,,,,,,
0.19,0.63,0.99,0.26,0.09,,,,,,,,,
0.18,0.63,0.98,0.25,0.09,,,,,,,,,
0.19,0.63,0.98,0.25,0.08,,,,,,,,,
0.18,0.64,0.99,0.26,0.08,,,,,,,,,
0.19,0.64,0.99,0.25,0.08,,,,,,,,,
0.19,0.63,0.98,0.25,0.09,,,,,,,,,
0.19,0.63,0.98,0.25,0.08,,,,,,,,,
0.19,0.63,0.99,0.25,0.08,,,,,,,,,
0.19,0.64,0.99,0.26,0.09,,,,,,,,,
0.19,0.63,0.99,0.25,0.08,,,,,,,,,
0.19,0.64,0.99,0.25,0.08,,,,,,,,,
0.19,0.63,0.99,0.25,0.08,,,,,,,,,
0.18,0.63,0.98,0.25,0.09,,,,,,,,,
0.19,0.63,0.99,0.26,0.09,,,,,,,,,
0.19,0.64,0.99,0.26,0.09,,,,,,,,,
0.19,0.63,0.99,0.25,0.08,,,,,,,,,
0.18,0.63,1,0.26,0.09,,,,,,,,,
0.19,0.63,0.99,0.25,0.08,,,,,,,,,
0.19,0.64,0.99,0.25,0.09,,,,,,,,,
0.19,0.63,1,0.25,0.08,,,,,,,,,
0.19,0.63,0.99,0.25,0.08,,,,,,,,,
0.19,0.63,0.98,0.25,0.09,,,,,,,,,
0.19,0.63,0.99,0.25,0.08,,,,,,,,,
0.19,0.64,0.99,0.25,0.08,,,,,,,,,
0.19,0.63,0.98,0.25,0.09,,,,,,,,,
0.19,0.64,0.99,0.26,0.08,,,,,,,,,
0.19,0.63,0.99,0.25,0.08,,,,,,,,,
0.19,0.63,1,0.25,0.09,,,,,,,,,
0.19,0.63,0.99,0.25,0.08,,,,,,,,,
0.19,0.63,0.99,0.25,0.09,,,,,,,,,
0.19,0.63,0.99,0.25,0.08,,,,,,,,,
0.19,0.63,0.98,0.25,0.08,,,,,,,,,
0.18,0.63,0.98,0.26,0.08,,,,,,,,,
0.19,0.63,0.99,0.25,0.08,,,,,,,,,
0.19,0.63,0.99,0.25,0.08,,,,,,,,,
0.19,0.64,0.99,0.25,0.08,,,,,,,,,
0.19,0.63,0.99,0.25,0.08,,,,,,,,,
0.19,0.64,0.98,0.25,0.09,,,,,,,,,
0.19,0.64,0.99,0.26,0.09,,,,,,,,,
0.19,0.63,0.99,0.25,0.08,,,,,,,,,
0.18,0.64,1,0.26,0.09,,,,,,,,,
0.19,0.63,0.98,0.25,0.08,,,,,,,,,
0.19,0.63,1,0.25,0.09,,,,,,,,,
0.19,0.64,0.99,0.25,0.08,,,,,,,,,
0.19,0.63,0.99,0.25,0.08,,,,,,,,,
0.19,0.63,0.99,0.26,0.08,,,,,,,,,
0.19,0.64,0.99,0.25,0.08,,,,,,,,,
0.19,0.63,0.99,0.25,0.08,,,,,,,,,
0.19,0.63,0.99,0.26,0.09,,,,,,,,,
0.19,0.63,0.99,0.26,0.09,,,,,,,,,
0.19,0.63,0.99,0.25,0.08,,,,,,,,,
0.19,0.63,0.98,0.25,0.09,,,,,,,,,
0.19,0.63,0.99,0.25,0.08,,,,,,,,,
0.19,0.63,0.98,0.25,0.09,,,,,,,,,
0.19,0.63,1,0.25,0.08,,,,,,,,,
0.19,0.63,0.98,0.25,0.1,,,,,,,,,
0.19,0.63,1,0.26,0.08,,,,,,,,,
0.19,0.63,0.99,0.25,0.08,,,,,,,,,
0.19,0.63,0.99,0.25,0.08,,,,,,,,,
0.19,0.64,0.99,0.25,0.08,,,,,,,,,
0.19,0.64,0.99,0.25,0.08,,,,,,,,,
0.19,0.64,0.99,0.25,0.09,,,,,,,,,
0.19,0.63,0.99,0.25,0.09,,,,,,,,,
0.19,0.63,0.99,0.25,0.08,,,,,,,,,
0.18,0.64,0.99,0.26,0.09,,,,,,,,,
0.19,0.64,0.99,0.25,0.08,,,,,,,,,
0.19,0.63,0.99,0.25,0.09,,,,,,,,,
0.19,0.64,0.99,0.25,0.08,,,,,,,,,
0.19,0.63,0.98,0.25,0.09,,,,,,,,,
0.19,0.63,0.99,0.25,0.08,,,,,,,,,
0.19,0.64,0.99,0.25,0.08,,,,,,,,,
0.19,0.63,0.98,0.25,0.08,,,,,,,,,
0.18,0.63,0.98,0.25,0.09,,,,,,,,,
0.19,0.64,0.99,0.25,0.08,,,,,,,,,
0.19,0.63,0.99,0.25,0.08,,,,,,,,,
0.19,0.63,0.99,0.25,0.09,,,,,,,,,
0.19,0.64,0.99,0.25,0.08,,,,,,,,,
0.19,0.63,0.99,0.25,0.09,,,,,,,,,
0.19,0.63,0.98,0.25,0.08,,,,,,,,,
0.19,0.63,0.98,0.25,0.09,,,,,,,,,
0.19,0.63,0.98,0.25,0.09,,,,,,,,,
0.19,0.63,0.99,0.25,0.08,,,,,,,,,
0.19,0.63,0.99,0.25,0.08,,,,,,,,,
0.19,0.63,0.99,0.25,0.08,,,,,,,,,
0.19,0.64,0.99,0.25,0.08,,,,,,,,,
0.19,0.63,0.99,0.27,0.09,,,,,,,,,
0.19,0.64,0.99,0.25,0.08,,,,,,,,,
0.19,0.63,0.99,0.25,0.08,,,,,,,,,
0.18,0.64,0.99,0.24,0.09,,,,,,,,,
0.19,0.64,0.99,0.25,0.08,,,,,,,,,
0.19,0.64,0.99,0.25,0.09,,,,,,,,,
0.19,0.63,0.98,0.25,0.08,,,,,,,,,
0.19,0.63,0.98,0.25,0.09,,,,,,,,,
0.19,0.63,0.98,0.25,0.09,,,,,,,,,
0.19,0.63,0.99,0.25,0.08,,,,,,,,,
0.19,0.63,0.99,0.25,0.08,,,,,,,,,
0.18,0.63,0.99,0.25,0.08,,,,,,,,,
0.19,0.64,0.99,0.25,0.08,,,,,,,,,
0.19,0.63,0.99,0.25,0.08,,,,,,,,,
0.19,0.63,0.98,0.25,0.08,,,,,,,,,
0.19,0.63,0.99,0.25,0.08,,,,,,,,,
0.19,0.63,0.99,0.26,0.09,,,,,,,,,
0.19,0.63,0.99,0.25,0.08,,,,,,,,,
0.19,0.63,0.98,0.26,0.09,,,,,,,,,
0.19,0.63,0.98,0.26,0.09,,,,,,,,,
0.19,0.63,0.98,0.25,0.09,,,,,,,,,
0.19,0.63,0.99,0.25,0.08,,,,,,,,,
0.19,0.64,0.99,0.25,0.08,,,,,,,,,
0.19,0.64,0.99,0.25,0.08,,,,,,,,,
0.19,0.64,0.99,0.25,0.09,,,,,,,,,
0.19,0.64,0.99,0.25,0.08,,,,,,,,,
0.19,0.63,0.99,0.25,0.08,,,,,,,,,
0.18,0.63,0.99,0.26,0.09,,,,,,,,,
0.19,0.63,0.98,0.25,0.08,,,,,,,,,
0.19,0.63,0.99,0.26,0.09,,,,,,,,,
0.19,0.64,0.99,0.25,0.08,,,,,,,,,
0.19,0.63,0.98,0.25,0.09,,,,,,,,,
0.19,0.64,0.99,0.26,0.09,,,,,,,,,
0.19,0.63,0.99,0.25,0.09,,,,,,,,,
0.19,0.64,0.99,0.25,0.08,,,,,,,,,
0.19,0.64,0.99,0.25,0.09,,,,,,,,,
0.19,0.64,0.99,0.25,0.08,,,,,,,,,
0.19,0.63,0.99,0.25,0.08,,,,,,,,,
0.19,0.63,0.98,0.25,0.08,,,,,,,,,
0.19,0.63,0.99,0.25,0.08,,,,,,,,,
0.19,0.63,0.99,0.26,0.09,,,,,,,,,
0.19,0.63,0.99,0.25,0.08,,,,,,,,,
0.18,0.63,0.99,0.25,0.08,,,,,,,,,
0.18,0.64,0.99,0.25,0.08,,,,,,,,,
0.19,0.64,0.99,0.25,0.08,,,,,,,,,
0.19,0.64,0.99,0.25,0.08,,,,,,,,,
0.19,0.63,0.99,0.25,0.1,,,,,,,,,
0.19,0.63,0.99,0.25,0.08,,,,,,,,,
0.19,0.63,0.99,0.27,0.09,,,,,,,,,
0.19,0.64,0.99,0.25,0.08,,,,,,,,,
0.19,0.63,0.98,0.25,0.08,,,,,,,,,
0.19,0.63,0.99,0.25,0.09,,,,,,,,,
0.19,0.63,0.99,0.25,0.08,,,,,,,,,
0.19,0.63,0.99,0.25,0.09,,,,,,,,,
0.19,0.63,0.99,0.25,0.08,,,,,,,,,
0.18,0.64,0.99,0.25,0.09,,,,,,,,,
0.19,0.63,0.99,0.25,0.09,,,,,,,,,
0.19,0.63,0.99,0.25,0.09,,,,,,,,,
0.19,0.64,0.99,0.25,0.08,,,,,,,,,
0.18,0.64,0.99,0.25,0.09,,,,,,,,,
0.19,0.63,0.98,0.25,0.08,,,,,,,,,
0.19,0.63,0.99,0.25,0.08,,,,,,,,,
0.19,0.63,0.99,0.25,0.08,,,,,,,,,
0.19,0.63,0.99,0.25,0.08,,,,,,,,,
0.19,0.63,0.98,0.26,0.09,,,,,,,,,
0.19,0.63,0.98,0.25,0.08,,,,,,,,,
0.19,0.63,0.98,0.26,0.09,,,,,,,,,
0.19,0.63,0.98,0.26,0.09,,,,,,,,,
0.19,0.64,0.99,0.26,0.09,,,,,,,,,
0.19,0.63,0.99,0.25,0.08,,,,,,,,,
0.19,0.63,0.99,0.25,0.09,,,,,,,,,
0.19,0.64,0.99,0.25,0.08,,,,,,,,,
0.19,0.64,0.99,0.25,0.09,,,,,,,,,
0.19,0.63,0.98,0.25,0.08,,,,,,,,,
0.19,0.63,0.99,0.25,0.08,,,,,,,,,
0.18,0.63,0.99,0.25,0.09,,,,,,,,,
0.19,0.63,0.99,0.25,0.08,,,,,,,,,
0.18,0.63,0.98,0.25,0.09,,,,,,,,,
0.19,0.64,0.99,0.25,0.08,,,,,,,,,
0.18,0.63,0.99,0.25,0.08,,,,,,,,,
0.19,0.63,0.99,0.24,0.08,,,,,,,,,
0.19,0.63,0.99,0.25,0.09,,,,,,,,,
0.19,0.64,0.99,0.25,0.08,,,,,,,,,
0.19,0.64,0.99,0.25,0.09,,,,,,,,,
0.19,0.64,0.99,0.25,0.08,,,,,,,,,
0.19,0.63,0.99,0.25,0.08,,,,,,,,,
0.19,0.64,0.99,0.25,0.08,,,,,,,,,
0.19,0.64,0.99,0.25,0.08,,,,,,,,,
0.19,0.63,0.99,0.24,0.08,,,,,,,,,
0.19,0.64,0.99,0.25,0.08,,,,,,,,,
0.18,0.63,0.99,0.25,0.08,,,,,,,,,
0.19,0.64,0.99,0.25,0.09,,,,,,,,,
0.19,0.63,0.99,0.25,0.09,,,,,,,,,
0.19,0.63,0.99,0.25,0.08,,,,,,,,,
0.19,0.63,0.99,0.25,0.09,,,,,,,,,
0.19,0.63,0.99,0.25,0.08,,,,,,,,,
0.19,0.63,0.99,0.25,0.09,,,,,,,,,
0.19,0.64,0.99,0.25,0.08,,,,,,,,,
0.19,0.63,0.99,0.25,0.08,,,,,,,,,
0.19,0.63,0.98,0.26,0.09,,,,,,,,,
0.19,0.64,0.99,0.25,0.08,,,,,,,,,
0.19,0.64,0.99,0.25,0.08,,,,,,,,,
0.19,0.64,0.99,0.25,0.08,,,,,,,,,
0.19,0.64,0.99,0.25,0.09,,,,,,,,,
0.19,0.64,0.99,0.25,0.09,,,,,,,,,
0.19,0.63,0.99,0.25,0.09,,,,,,,,,
0.19,0.63,0.99,0.25,0.08,,,,,,,,,
0.19,0.63,0.99,0.25,0.09,,,,,,,,,
0.64,0.99,0.25,0.08,,,,,,,,,,
0.18,0.63,0.99,0.25,0.09,,,,,,,,,
0.18,0.63,0.98,0.25,0.09,,,,,,,,,
0.19,0.64,0.99,0.26,0.09,,,,,,,,,
0.19,0.63,1,0.25,0.09,,,,,,,,,
0.19,0.63,0.99,0.25,0.1,,,,,,,,,
0.19,0.63,0.99,0.25,0.08,,,,,,,,,
0.19,0.64,0.99,0.25,0.09,,,,,,,,,
0.19,0.63,1,0.25,0.08,,,,,,,,,
0.19,0.64,0.99,0.25,0.08,,,,,,,,,
0.18,0.63,0.98,0.25,0.09,,,,,,,,,
0.19,0.63,0.99,0.25,0.08,,,,,,,,,
0.19,0.63,0.99,0.26,0.09,,,,,,,,,
0.19,0.64,1,0.25,0.08,,,,,,,,,
0.19,0.63,0.98,0.25,0.09,,,,,,,,,
0.19,0.63,0.99,0.25,0.09,,,,,,,,,
0.19,0.63,0.99,0.25,0.09,,,,,,,,,
0.19,0.64,0.99,0.25,0.08,,,,,,,,,
0.19,0.63,0.99,0.26,0.09,,,,,,,,,
0.19,0.64,0.99,0.25,0.08,,,,,,,,,
0.19,0.63,0.98,0.25,0.08,,,,,,,,,
0.19,0.63,1,0.25,0.08,,,,,,,,,
0.19,0.64,0.99,0.25,0.08,,,,,,,,,
0.19,0.63,1,0.26,0.09,,,,,,,,,
0.19,0.63,0.99,0.25,0.08,,,,,,,,,
0.18,0.63,0.99,0.26,0.08,,,,,,,,,
0.19,0.63,0.98,0.25,0.09,,,,,,,,,
0.19,0.64,0.99,0.27,0.08,,,,,,,,,
0.19,0.63,0.99,0.25,0.08,,,,,,,,,
0.19,0.64,0.99,0.25,0.08,,,,,,,,,
0.19,0.63,0.99,0.25,0.08,,,,,,,,,
0.19,0.64,0.99,0.25,0.08,,,,,,,,,
0.19,0.64,0.99,0.25,0.08,,,,,,,,,
0.19,0.63,0.98,0.25,0.08,,,,,,,,,
0.18,0.63,0.98,0.25,0.09,,,,,,,,,
0.19,0.64,0.99,0.25,0.08,,,,,,,,,
0.19,0.63,0.99,0.25,0.09,,,,,,,,,
0.19,0.64,1,0.25,0.08,,,,,,,,,
0.19,0.63,0.99,0.26,0.09,,,,,,,,,
0.19,0.63,0.98,0.25,0.09,,,,,,,,,
0.19,0.64,1,0.25,0.08,,,,,,,,,
0.19,0.63,0.99,0.25,0.08,,,,,,,,,
0.18,0.64,0.99,0.26,0.08,,,,,,,,,
0.19,0.64,0.99,0.25,0.08,,,,,,,,,
0.19,0.63,0.98,0.25,0.08,,,,,,,,,
0.19,0.63,0.98,0.25,0.08,,,,,,,,,
0.19,0.63,0.99,0.25,0.08,,,,,,,,,
0.19,0.63,0.98,0.26,0.09,,,,,,,,,
0.19,0.63,0.99,0.25,0.08,,,,,,,,,
0.19,0.64,0.99,0.25,0.09,,,,,,,,,
0.18,0.63,0.98,0.25,0.09,,,,,,,,,
0.19,0.63,1,0.26,0.08,,,,,,,,,
0.19,0.63,0.99,0.25,0.08,,,,,,,,,
0.19,0.63,1,0.25,0.09,,,,,,,,,
0.19,0.63,0.99,0.25,0.08,,,,,,,,,
0.19,0.63,0.98,0.25,0.09,,,,,,,,,
0.19,0.63,1,0.25,0.08,,,,,,,,,
0.19,0.64,0.99,0.25,0.08,,,,,,,,,
0.18,0.63,0.99,0.25,0.09,,,,,,,,,
0.19,0.63,0.99,0.25,0.08,,,,,,,,,
0.18,0.64,0.99,0.25,0.09,,,,,,,,,
0.19,0.63,0.99,0.25,0.08,,,,,,,,,
0.19,0.63,0.99,0.26,0.09,,,,,,,,,
0.19,0.63,0.99,0.25,0.08,,,,,,,,,
0.19,0.63,0.98,0.25,0.09,,,,,,,,,
0.19,0.63,0.98,0.25,0.08,,,,,,,,,
0.18,0.63,0.99,0.25,0.09,,,,,,,,,
0.19,0.63,0.98,0.25,0.08,,,,,,,,,
0.19,0.63,1,0.25,0.08,,,,,,,,,
0.19,0.63,0.98,0.25,0.08,,,,,,,,,
0.19,0.63,0.99,0.25,0.08,,,,,,,,,
0.19,0.63,0.98,0.25,0.09,,,,,,,,,
0.19,0.63,0.99,0.25,0.08,,,,,,,,,
0.18,0.64,0.99,0.25,0.08,,,,,,,,,
0.19,0.63,0.98,0.26,0.09,,,,,,,,,
0.19,0.63,1,0.26,0.08,,,,,,,,,
0.19,0.63,0.99,0.25,0.08,,,,,,,,,
0.19,0.63,0.99,0.25,0.08,,,,,,,,,
0.19,0.63,0.99,0.25,0.08,,,,,,,,,
0.19,0.63,1,0.25,0.08,,,,,,,,,
0.19,0.64,0.99,0.25,0.08,,,,,,,,,
0.19,0.63,0.99,0.25,0.08,,,,,,,,,
0.18,0.63,0.98,0.25,0.09,,,,,,,,,
0.19,0.63,0.99,0.25,0.08,,,,,,,,,
0.19,0.64,0.99,0.25,0.09,,,,,,,,,
0.19,0.63,0.98,0.25,0.08,,,,,,,,,
0.18,0.63,0.99,0.25,0.09,,,,,,,,,
0.19,0.63,0.99,0.25,0.09,,,,,,,,,
0.19,0.63,0.99,0.26,0.08,,,,,,,,,
0.19,0.63,0.99,0.25,0.08,,,,,,,,,
0.19,0.63,0.99,0.25,0.09,,,,,,,,,
0.19,0.63,0.99,0.25,0.08,,,,,,,,,
0.19,0.63,0.99,0.25,0.08,,,,,,,,,
0.18,0.63,0.99,0.26,0.09,,,,,,,,,
0.19,0.64,0.99,0.25,0.08,,,,,,,,,
0.18,0.63,0.99,0.26,0.09,,,,,,,,,
0.19,0.63,0.99,0.25,0.08,,,,,,,,,
0.19,0.63,0.99,0.26,0.09,,,,,,,,,
0.19,0.63,0.98,0.25,0.09,,,,,,,,,
0.19,0.63,0.99,0.26,0.08,,,,,,,,,
0.19,0.63,0.99,0.25,0.08,,,,,,,,,
0.19,0.63,1,0.25,0.09,,,,,,,,,
0.19,0.64,0.99,0.25,0.08,,,,,,,,,
0.19,0.63,1,0.25,0.08,,,,,,,,,
0.19,0.64,0.99,0.25,0.08,,,,,,,,,
0.19,0.63,0.98,0.25,0.08,,,,,,,,,
0.19,0.63,0.98,0.26,0.08,,,,,,,,,
0.19,0.63,0.99,0.25,0.08,,,,,,,,,
0.19,0.63,0.98,0.26,0.09,,,,,,,,,
0.18,0.63,0.99,0.25,0.09,,,,,,,,,
0.18,0.63,0.99,0.25,0.09,,,,,,,,,
0.19,0.63,0.99,0.25,0.08,,,,,,,,,
0.19,0.64,0.99,0.25,0.08,,,,,,,,,
0.19,0.63,0.99,0.25,0.08,,,,,,,,,
0.19,0.64,0.99,0.25,0.09,,,,,,,,,
0.19,0.64,0.99,0.25,0.08,,,,,,,,,
0.19,0.63,0.99,0.25,0.08,,,,,,,,,
0.18,0.64,0.99,0.26,0.08,,,,,,,,,
0.19,0.63,0.98,0.25,0.08,,,,,,,,,
0.19,0.63,0.99,0.25,0.08,,,,,,,,,
0.19,0.63,0.99,0.25,0.08,,,,,,,,,
0.19,0.64,0.99,0.25,0.09,,,,,,,,,
0.19,0.63,1,0.26,0.08,,,,,,,,,
0.19,0.63,0.98,0.26,0.09,,,,,,,,,
0.19,0.63,0.99,0.25,0.08,,,,,,,,,
0.18,0.63,0.99,0.25,0.09,,,,,,,,,
0.19,0.63,0.98,0.25,0.08,,,,,,,,,
0.19,0.63,0.99,0.25,0.08,,,,,,,,,
0.19,0.63,0.99,0.25,0.08,,,,,,,,,
0.19,0.63,0.98,0.25,0.08,,,,,,,,,
0.19,0.63,0.98,0.25,0.09,,,,,,,,,
0.19,0.63,0.99,0.25,0.08,,,,,,,,,
0.18,0.64,0.99,0.26,0.08,,,,,,,,,
0.19,0.63,0.99,0.26,0.09,,,,,,,,,
0.19,0.63,0.98,0.25,0.09,,,,,,,,,
0.19,0.64,1,0.25,0.08,,,,,,,,,
0.19,0.64,0.99,0.27,0.09,,,,,,,,,
0.19,0.63,0.99,0.25,0.08,,,,,,,,,
0.19,0.63,0.99,0.25,0.09,,,,,,,,,
0.19,0.64,0.99,0.25,0.08,,,,,,,,,
0.19,0.63,1,0.25,0.08,,,,,,,,,
0.19,0.63,1,0.26,0.08,,,,,,,,,
0.19,0.63,0.99,0.25,0.08,,,,,,,,,
0.18,0.63,0.98,0.25,0.09,,,,,,,,,
0.19,0.63,0.99,0.25,0.08,,,,,,,,,
0.19,0.64,0.99,0.26,0.08,,,,,,,,,
0.19,0.63,0.98,0.25,0.09,,,,,,,,,
0.19,0.64,0.99,0.26,0.09,,,,,,,,,
0.19,0.63,0.99,0.25,0.08,,,,,,,,,
0.18,0.63,1,0.25,0.09,,,,,,,,,
0.19,0.63,0.98,0.25,0.08,,,,,,,,,
0.19,0.63,0.99,0.25,0.08,,,,,,,,,
0.19,0.63,0.99,0.25,0.08,,,,,,,,,
0.19,0.63,0.99,0.25,0.08,,,,,,,,,
0.19,0.63,0.98,0.25,0.09,,,,,,,,,
0.19,0.63,0.99,0.25,0.08,,,,,,,,,
0.19,0.64,0.99,0.25,0.09,,,,,,,,,
0.19,0.63,1,0.26,0.08,,,,,,,,,
0.19,0.64,0.99,0.26,0.09,,,,,,,,,
0.19,0.63,0.99,0.25,0.08,,,,,,,,,
0.19,0.64,0.99,0.25,0.08,,,,,,,,,
0.19,0.63,0.99,0.25,0.08,,,,,,,,,
0.19,0.63,0.99,0.25,0.09,,,,,,,,,
0.19,0.64,0.99,0.25,0.08,,,,,,,,,
0.19,0.63,0.98,0.25,0.08,,,,,,,,,
0.18,0.63,0.98,0.25,0.09,,,,,,,,,
0.19,0.63,0.99,0.25,0.08,,,,,,,,,
0.19,0.64,0.99,0.25,0.08,,,,,,,,,
0.19,0.63,0.98,0.25,0.08,,,,,,,,,
0.18,0.63,0.99,0.26,0.08,,,,,,,,,
0.19,0.64,0.99,0.25,0.09,,,,,,,,,
0.19,0.63,0.98,0.25,0.09,,,,,,,,,
0.19,0.63,0.99,0.25,0.08,,,,,,,,,
0.19,0.64,0.99,0.26,0.09,,,,,,,,,
0.19,0.64,0.99,0.25,0.08,,,,,,,,,
0.19,0.63,0.98,0.25,0.09,,,,,,,,,
0.19,0.63,0.98,0.25,0.08,,,,,,,,,
0.19,0.64,0.99,0.25,0.08,,,,,,,,,
0.19,0.63,0.99,0.25,0.09,,,,,,,,,
0.19,0.63,0.99,0.25,0.08,,,,,,,,,
0.19,0.64,0.99,0.25,0.08,,,,,,,,,
0.19,0.63,0.98,0.25,0.09,,,,,,,,,
0.18,0.63,0.99,0.25,0.09,,,,,,,,,
0.19,0.64,0.99,0.25,0.08,,,,,,,,,
0.18,0.64,0.99,0.25,0.08,,,,,,,,,
0.19,0.64,0.99,0.25,0.08,,,,,,,,,
0.19,0.63,0.98,0.25,0.09,,,,,,,,,
0.19,0.63,0.98,0.25,0.08,,,,,,,,,
0.19,0.63,0.98,0.25,0.08,,,,,,,,,
0.19,0.63,0.98,0.25,0.09,,,,,,,,,
0.19,0.63,0.99,0.25,0.08,,,,,,,,,
0.19,0.63,0.99,0.25,0.08,,,,,,,,,
0.19,0.64,1,0.25,0.08,,,,,,,,,
0.19,0.64,0.99,0.25,0.08,,,,,,,,,
0.19,0.63,0.99,0.25,0.08,,,,,,,,,
0.18,0.63,0.99,0.25,0.09,,,,,,,,,
0.19,0.63,0.99,0.25,0.08,,,,,,,,,
0.19,0.63,0.99,0.26,0.09,,,,,,,,,
0.19,0.63,1,0.25,0.08,,,,,,,,,
0.19,0.63,0.99,0.25,0.09,,,,,,,,,
0.19,0.64,0.99,0.25,0.08,,,,,,,,,
0.19,0.63,0.99,0.25,0.08,,,,,,,,,
0.19,0.63,0.98,0.25,0.09,,,,,,,,,
0.19,0.63,0.99,0.25,0.08,,,,,,,,,
0.19,0.63,0.99,0.25,0.08,,,,,,,,,
0.19,0.64,0.99,0.25,0.09,,,,,,,,,
0.18,0.63,0.98,0.25,0.09,,,,,,,,,
0.19,0.63,0.98,0.25,0.08,,,,,,,,,
0.19,0.63,0.98,0.25,0.09,,,,,,,,,
0.19,0.63,0.99,0.25,0.08,,,,,,,,,
0.19,0.63,0.99,0.26,0.09,,,,,,,,,
0.19,0.63,1,0.25,0.08,,,,,,,,,
0.19,0.64,0.99,0.25,0.09,,,,,,,,,
0.19,0.63,0.99,0.25,0.09,,,,,,,,,
0.19,0.63,0.99,0.25,0.08,,,,,,,,,
0.19,0.63,0.99,0.25,0.08,,,,,,,,,
0.19,0.63,0.98,0.25,0.08,,,,,,,,,
0.19,0.63,0.99,0.25,0.08,,,,,,,,,
0.19,0.63,0.98,0.25,0.09,,,,,,,,,
0.18,0.63,0.99,0.26,0.09,,,,,,,,,
0.19,0.63,0.99,0.25,0.08,,,,,,,,,
0.19,0.63,1,0.26,0.09,,,,,,,,,
0.19,0.64,0.99,0.25,0.08,,,,,,,,,
0.19,0.64,0.99,0.25,0.09,,,,,,,,,
0.19,0.64,0.99,0.25,0.08,,,,,,,,,
0.19,0.64,0.99,0.25,0.09,,,,,,,,,
0.19,0.63,0.99,0.25,0.09,,,,,,,,,
0.19,0.64,0.99,0.25,0.08,,,,,,,,,
0.19,0.64,0.99,0.25,0.08,,,,,,,,,
0.19,0.64,0.99,0.25,0.09,,,,,,,,,
0.19,0.64,0.99,0.25,0.08,,,,,,,,,
0.19,0.63,0.99,0.25,0.08,,,,,,,,,
0.19,0.64,0.99,0.26,0.09,,,,,,,,,
0.19,0.63,0.99,0.25,0.08,,,,,,,,,
0.19,0.64,0.99,0.25,0.09,,,,,,,,,
0.19,0.64,0.99,0.25,0.08,,,,,,,,,
0.19,0.63,0.99,0.25,0.09,,,,,,,,,
0.19,0.63,1,0.26,0.08,,,,,,,,,
0.19,0.64,0.99,0.25,0.08,,,,,,,,,
0.19,0.64,0.99,0.25,0.08,,,,,,,,,
0.19,0.64,0.99,0.25,0.08,,,,,,,,,
0.19,0.64,0.99,0.25,0.08,,,,,,,,,
0.19,0.64,0.98,0.25,0.09,,,,,,,,,
0.19,0.64,0.99,0.25,0.08,,,,,,,,,
0.19,0.64,0.99,0.25,0.08,,,,,,,,,
0.18,0.64,0.99,0.26,0.09,,,,,,,,,
0.19,0.64,0.99,0.25,0.08,,,,,,,,,
0.19,0.64,0.99,0.25,0.09,,,,,,,,,
0.19,0.63,0.99,0.25,0.08,,,,,,,,,
0.19,0.63,0.98,0.25,0.09,,,,,,,,,
0.19,0.63,0.99,0.25,0.09,,,,,,,,,
0.19,0.63,0.99,0.25,0.08,,,,,,,,,
0.19,0.63,0.99,0.25,0.08,,,,,,,,,
0.19,0.63,0.99,0.26,0.09,,,,,,,,,
0.19,0.64,0.99,0.25,0.08,,,,,,,,,
0.19,0.63,0.99,0.25,0.08,,,,,,,,,
0.19,0.63,0.98,0.25,0.09,,,,,,,,,
0.19,0.63,0.99,0.25,0.08,,,,,,,,,
0.19,0.63,0.99,0.26,0.09,,,,,,,,,
0.19,0.63,0.98,0.25,0.08,,,,,,,,,
0.19,0.63,0.98,0.26,0.09,,,,,,,,,
0.18,0.63,0.98,0.25,0.09,,,,,,,,,
0.19,0.63,0.99,0.25,0.09,,,,,,,,,
0.19,0.63,0.99,0.25,0.08,,,,,,,,,
0.19,0.63,0.99,0.25,0.08,,,,,,,,,
0.19,0.63,0.99,0.25,0.08,,,,,,,,,
0.19,0.64,0.99,0.25,0.08,,,,,,,,,
0.19,0.63,1,0.25,0.08,,,,,,,,,
0.19,0.63,0.99,0.25,0.08,,,,,,,,,
0.19,0.63,0.99,0.26,0.09,,,,,,,,,
0.19,0.63,0.98,0.25,0.08,,,,,,,,,
0.18,0.63,0.98,0.25,0.09,,,,,,,,,
0.19,0.64,0.99,0.25,0.08,,,,,,,,,
0.19,0.63,0.98,0.26,0.09,,,,,,,,,
0.19,0.63,0.99,0.25,0.09,,,,,,,,,
0.19,0.63,0.99,0.25,0.09,,,,,,,,,
0.19,0.63,0.99,0.25,0.08,,,,,,,,,
0.18,0.64,0.99,0.25,0.09,,,,,,,,,
0.19,0.64,0.99,0.25,0.08,,,,,,,,,
0.19,0.64,0.99,0.25,0.08,,,,,,,,,
0.19,0.64,0.99,0.25,0.08,,,,,,,,,
0.19,0.63,0.99,0.25,0.08,,,,,,,,,
0.19,0.63,0.99,0.26,0.09,,,,,,,,,
0.19,0.63,0.99,0.25,0.08,,,,,,,,,
0.18,0.63,0.98,0.25,0.09,,,,,,,,,
0.19,0.64,0.99,0.26,0.09,,,,,,,,,
0.19,0.63,0.99,0.25,0.09,,,,,,,,,
0.19,0.63,0.99,0.25,0.08,,,,,,,,,
0.19,0.63,0.99,0.25,0.09,,,,,,,,,
0.19,0.63,0.99,0.25,0.08,,,,,,,,,
0.19,0.63,0.99,0.26,0.09,,,,,,,,,
0.19,0.64,0.99,0.25,0.08,,,,,,,,,
0.19,0.63,0.99,0.25,0.08,,,,,,,,,
0.19,0.64,0.99,0.26,0.08,,,,,,,,,
0.19,0.64,0.99,0.25,0.08,,,,,,,,,
0.19,0.63,0.99,0.26,0.09,,,,,,,,,
0.19,0.63,0.99,0.25,0.08,,,,,,,,,
0.19,0.63,0.98,0.26,0.09,,,,,,,,,
0.19,0.64,0.99,0.26,0.09,,,,,,,,,
0.19,0.63,0.99,0.25,0.09,,,,,,,,,
0.19,0.64,0.99,0.25,0.08,,,,,,,,,
0.19,0.63,0.99,0.26,0.09,,,,,,,,,
0.19,0.63,0.98,0.25,0.08,,,,,,,,,
0.19,0.63,0.98,0.25,0.08,,,,,,,,,
0.19,0.64,0.99,0.25,0.08,,,,,,,,,
0.19,0.63,0.99,0.25,0.08,,,,,,,,,
0.19,0.63,0.99,0.25,0.09,,,,,,,,,
0.19,0.64,0.99,0.25,0.08,,,,,,,,,
0.19,0.64,0.99,0.26,0.09,,,,,,,,,
0.19,0.63,0.98,0.26,0.09,,,,,,,,,
0.19,0.64,0.99,0.26,0.09,,,,,,,,,
0.19,0.64,0.99,0.25,0.08,,,,,,,,,
0.19,0.63,0.99,0.25,0.09,,,,,,,,,
0.19,0.63,0.99,0.25,0.08,,,,,,,,,
0.19,0.63,0.99,0.26,0.09,,,,,,,,,
0.19,0.64,0.99,0.25,0.08,,,,,,,,,
0.19,0.63,0.99,0.25,0.08,,,,,,,,,
0.19,0.63,0.98,0.26,0.09,,,,,,,,,
0.19,0.63,0.98,0.25,0.08,,,,,,,,,
0.19,0.64,0.99,0.25,0.08,,,,,,,,,
0.19,0.63,0.99,0.25,0.08,,,,,,,,,
0.18,0.63,0.99,0.25,0.09,,,,,,,,,
0.19,0.64,0.99,0.25,0.09,,,,,,,,,
0.19,0.64,0.99,0.26,0.09,,,,,,,,,
0.19,0.64,0.99,0.25,0.08,,,,,,,,,
0.18,0.64,0.99,0.25,0.09,,,,,,,,,
0.19,0.64,0.99,0.25,0.08,,,,,,,,,
0.19,0.63,0.99,0.25,0.08,,,,,,,,,
0.19,0.64,0.99,0.25,0.08,,,,,,,,,
0.19,0.63,0.99,0.25,0.08,,,,,,,,,
0.19,0.64,0.99,0.24,0.08,,,,,,,,,
0.19,0.64,0.99,0.25,0.08,,,,,,,,,
0.18,0.64,0.99,0.26,0.09,,,,,,,,,
0.19,0.63,0.98,0.26,0.09,,,,,,,,,
0.19,0.64,0.99,0.26,0.09,,,,,,,,,
0.19,0.64,0.99,0.25,0.08,,,,,,,,,
0.19,0.63,0.99,0.26,0.09,,,,,,,,,
0.19,0.64,0.99,0.25,0.08,,,,,,,,,
0.19,0.64,0.99,0.25,0.09,,,,,,,,,
0.19,0.64,0.99,0.25,0.08,,,,,,,,,
0.19,0.64,0.99,0.25,0.08,,,,,,,,,
0.19,0.64,0.99,0.25,0.09,,,,,,,,,
0.19,0.63,0.99,0.25,0.08,,,,,,,,,
0.19,0.64,0.99,0.25,0.08,,,,,,,,,
0.19,0.64,0.99,0.25,0.08,,,,,,,,,
0.19,0.63,0.99,0.26,0.09,,,,,,,,,
0.19,0.64,0.99,0.25,0.09,,,,,,,,,
0.18,0.63,0.99,0.25,0.09,,,,,,,,,
0.19,0.64,0.99,0.25,0.08,,,,,,,,,
0.19,0.64,0.99,0.26,0.09,,,,,,,,,
0.19,0.64,0.99,0.25,0.08,,,,,,,,,
0.19,0.64,0.99,0.25,0.09,,,,,,,,,
0.19,0.63,0.99,0.25,0.08,,,,,,,,,
0.19,0.64,1,0.25,0.08,,,,,,,,,
0.19,0.63,0.98,0.27,0.09,,,,,,,,,
0.19,0.64,0.99,0.25,0.08,,,,,,,,,
0.19,0.64,0.99,0.25,0.08,,,,,,,,,
0.19,0.64,0.99,0.25,0.09,,,,,,,,,
0.19,0.64,0.99,0.26,0.09,,,,,,,,,
0.19,0.63,0.99,0.25,0.08,,,,,,,,,
0.19,0.64,0.99,0.26,0.09,,,,,,,,,
0.19,0.64,1,0.25,0.08,,,,,,,,,
0.19,0.64,0.99,0.25,0.09,,,,,,,,,
0.19,0.64,0.99,0.25,0.08,,,,,,,,,
0.19,0.64,0.99,0.25,0.08,,,,,,,,,
0.19,0.63,0.99,0.25,0.09,,,,,,,,,
0.19,0.64,0.99,0.25,0.08,,,,,,,,,
0.19,0.64,0.99,0.25,0.08,,,,,,,,,
0.19,0.64,1,0.25,0.08,,,,,,,,,
0.18,0.64,0.99,0.25,0.09,,,,,,,,,
0.19,0.64,0.99,0.25,0.09,,,,,,,,,
0.18,0.63,0.99,0.25,0.09,,,,,,,,,
0.19,0.64,0.99,0.25,0.08,,,,,,,,,
0.19,0.64,0.99,0.26,0.09,,,,,,,,,
0.19,0.64,0.99,0.25,0.08,,,,,,,,,
0.19,0.64,0.99,0.25,0.09,,,,,,,,,
0.19,0.64,0.99,0.25,0.08,,,,,,,,,
0.19,0.64,0.99,0.25,0.08,,,,,,,,,
0.19,0.64,0.99,0.25,0.08,,,,,,,,,
0.19,0.64,0.99,0.25,0.08,,,,,,,,,
0.19,0.63,0.99,0.25,0.08,,,,,,,,,
0.18,0.64,0.99,0.25,0.08,,,,,,,,,
0.19,0.64,0.99,0.26,0.08,,,,,,,,,
0.19,0.63,0.99,0.25,0.08,,,,,,,,,
0.19,0.63,0.99,0.25,0.09,,,,,,,,,
0.19,0.64,0.99,0.25,0.08,,,,,,,,,
0.19,0.64,0.99,0.25,0.09,,,,,,,,,
0.19,0.64,0.99,0.25,0.08,,,,,,,,,
0.19,0.63,0.99,0.25,0.08,,,,,,,,,
0.19,0.63,0.99,0.25,0.09,,,,,,,,,
0.19,0.64,0.99,0.25,0.08,,,,,,,,,
0.19,0.64,0.99,0.25,0.08,,,,,,,,,
0.19,0.64,0.99,0.25,0.08,,,,,,,,,
0.19,0.64,0.99,0.26,0.09,,,,,,,,,
0.19,0.64,0.98,0.25,0.09,,,,,,,,,
0.18,0.63,0.99,0.25,0.09,,,,,,,,,
0.19,0.64,0.99,0.25,0.08,,,,,,,,,
0.19,0.64,0.99,0.26,0.09,,,,,,,,,
0.19,0.64,0.99,0.25,0.08,,,,,,,,,
0.19,0.64,0.99,0.25,0.09,,,,,,,,,
0.19,0.64,0.99,0.25,0.08,,,,,,,,,
0.19,0.64,0.99,0.25,0.08,,,,,,,,,
0.19,0.63,0.99,0.25,0.09,,,,,,,,,
0.19,0.64,0.99,0.25,0.08,,,,,,,,,
0.19,0.64,0.99,0.25,0.08,,,,,,,,,
0.19,0.64,0.99,0.25,0.09,,,,,,,,,
0.18,0.63,0.99,0.25,0.09,,,,,,,,,
0.19,0.63,0.99,0.25,0.08,,,,,,,,,
0.18,0.63,0.99,0.25,0.09,,,,,,,,,
0.19,0.64,0.99,0.25,0.08,,,,,,,,,
0.19,0.64,0.99,0.25,0.09,,,,,,,,,
0.19,0.64,0.99,0.25,0.08,,,,,,,,,
0.19,0.63,0.99,0.25,0.08,,,,,,,,,
0.19,0.63,0.99,0.25,0.09,,,,,,,,,
0.19,0.63,0.99,0.25,0.08,,,,,,,,,
0.19,0.64,0.99,0.25,0.08,,,,,,,,,
0.19,0.64,0.99,0.25,0.09,,,,,,,,,
0.18,0.63,0.99,0.26,0.09,,,,,,,,,
0.19,0.64,0.98,0.25,0.09,,,,,,,,,
0.18,0.64,0.99,0.24,0.08,,,,,,,,,
0.19,0.64,0.99,0.25,0.08,,,,,,,,,
0.19,0.64,1,0.26,0.09,,,,,,,,,
0.19,0.64,0.99,0.25,0.08,,,,,,,,,
0.19,0.63,0.99,0.25,0.08,,,,,,,,,
0.18,0.63,0.99,0.25,0.09,,,,,,,,,
0.19,0.64,0.99,0.25,0.08,,,,,,,,,
0.19,0.64,1,0.25,0.08,,,,,,,,,
0.19,0.64,0.99,0.25,0.08,,,,,,,,,
0.19,0.63,1,0.25,0.08,,,,,,,,,
0.19,0.64,0.99,0.25,0.08,,,,,,,,,
0.18,0.63,0.99,0.26,0.08,,,,,,,,,
0.19,0.64,0.99,0.25,0.08,,,,,,,,,
0.19,0.64,1,0.26,0.09,,,,,,,,,
0.19,0.64,0.99,0.25,0.08,,,,,,,,,
0.19,0.63,0.99,0.25,0.08,,,,,,,,,
0.19,0.63,0.99,0.25,0.08,,,,,,,,,
0.19,0.63,0.99,0.25,0.08,,,,,,,,,
0.19,0.63,0.98,0.25,0.09,,,,,,,,,
0.19,0.64,0.99,0.25,0.08,,,,,,,,,
0.19,0.64,1,0.25,0.08,,,,,,,,,
0.18,0.64,0.99,0.25,0.08,,,,,,,,,
0.18,0.64,1,0.26,0.08,,,,,,,,,
0.19,0.63,0.99,0.25,0.08,,,,,,,,,
0.18,0.63,0.99,0.25,0.09,,,,,,,,,
0.19,0.64,0.99,0.25,0.08,,,,,,,,,
0.19,0.64,0.99,0.25,0.09,,,,,,,,,
0.19,0.63,0.99,0.25,0.08,,,,,,,,,
0.19,0.63,0.99,0.25,0.08,,,,,,,,,
0.19,0.63,0.99,0.25,0.09,,,,,,,,,
0.19,0.64,0.99,0.25,0.08,,,,,,,,,
0.19,0.64,0.99,0.25,0.08,,,,,,,,,
0.19,0.64,0.99,0.25,0.08,,,,,,,,,
0.18,0.63,0.98,0.26,0.09,,,,,,,,,
0.19,0.64,0.99,0.25,0.08,,,,,,,,,
0.19,0.64,0.99,0.25,0.09,,,,,,,,,
0.19,0.63,0.99,0.25,0.08,,,,,,,,,
0.19,0.63,0.99,0.26,0.09,,,,,,,,,
0.19,0.64,0.99,0.25,0.08,,,,,,,,,
0.19,0.64,0.99,0.25,0.09,,,,,,,,,
0.19,0.63,0.99,0.25,0.08,,,,,,,,,
0.19,0.64,0.99,0.25,0.08,,,,,,,,,
0.19,0.63,0.99,0.25,0.1,,,,,,,,,
0.19,0.64,0.99,0.25,0.08,,,,,,,,,
0.19,0.64,0.99,0.25,0.08,,,,,,,,,
0.19,0.64,0.99,0.25,0.08,,,,,,,,,
0.19,0.63,0.99,0.25,0.09,,,,,,,,,
0.19,0.63,0.99,0.25,0.08,,,,,,,,,
0.18,0.63,0.99,0.26,0.09,,,,,,,,,
0.19,0.63,0.98,0.25,0.08,,,,,,,,,
0.19,0.64,0.99,0.25,0.09,,,,,,,,,
0.19,0.64,0.99,0.25,0.08,,,,,,,,,
0.19,0.63,0.99,0.25,0.08,,,,,,,,,
0.19,0.63,0.99,0.25,0.09,,,,,,,,,
0.19,0.64,0.99,0.25,0.08,,,,,,,,,
0.19,0.64,0.99,0.25,0.08,,,,,,,,,
0.18,0.64,0.99,0.25,0.08,,,,,,,,,
0.18,0.63,0.98,0.25,0.08,,,,,,,,,
0.19,0.64,0.98,0.25,0.09,,,,,,,,,
0.19,0.63,0.98,0.25,0.09,,,,,,,,,
0.19,0.63,0.99,0.25,0.08,,,,,,,,,
0.19,0.64,0.99,0.26,0.09,,,,,,,,,
0.19,0.64,0.99,0.25,0.08,,,,,,,,,
0.19,0.64,0.99,0.25,0.09,,,,,,,,,
0.18,0.63,0.99,0.25,0.09,,,,,,,,,
0.19,0.64,0.99,0.25,0.08,,,,,,,,,
0.19,0.63,0.99,0.25,0.09,,,,,,,,,
0.19,0.64,0.99,0.25,0.08,,,,,,,,,
0.19,0.64,0.99,0.25,0.08,,,,,,,,,
0.19,0.64,0.99,0.25,0.09,,,,,,,,,
0.18,0.64,0.99,0.25,0.09,,,,,,,,,
0.19,0.64,0.99,0.25,0.08,,,,,,,,,
0.18,0.63,1,0.26,0.09,,,,,,,,,
0.19,0.64,0.99,0.25,0.08,,,,,,,,,
0.19,0.64,0.99,0.25,0.09,,,,,,,,,
0.19,0.64,0.99,0.25,0.08,,,,,,,,,
0.19,0.63,1,0.25,0.08,,,,,,,,,
0.19,0.63,0.99,0.25,0.09,,,,,,,,,
0.19,0.64,0.99,0.25,0.08,,,,,,,,,
0.19,0.64,1,0.25,0.08,,,,,,,,,
0.18,0.64,0.99,0.25,0.08,,,,,,,,,
0.18,0.63,0.99,0.25,0.09,,,,,,,,,
0.19,0.63,0.99,0.25,0.08,,,,,,,,,
0.18,0.64,1,0.25,0.08,,,,,,,,,
0.19,0.64,0.99,0.25,0.08,,,,,,,,,
0.19,0.64,0.99,0.25,0.09,,,,,,,,,
0.19,0.63,0.99,0.25,0.08,,,,,,,,,
0.19,0.64,0.99,0.25,0.09,,,,,,,,,
0.19,0.63,0.99,0.25,0.09,,,,,,,,,
0.19,0.64,0.99,0.25,0.08,,,,,,,,,
0.19,0.64,0.99,0.25,0.08,,,,,,,,,
0.19,0.64,1,0.25,0.08,,,,,,,,,
0.19,0.63,0.99,0.25,0.08,,,,,,,,,
0.19,0.64,0.99,0.25,0.08,,,,,,,,,
0.19,0.63,1,0.26,0.08,,,,,,,,,
0.19,0.64,0.99,0.25,0.08,,,,,,,,,
0.19,0.64,1,0.26,0.09,,,,,,,,,
0.19,0.64,0.99,0.25,0.08,,,,,,,,,
0.19,0.64,0.99,0.25,0.09,,,,,,,,,
0.18,0.63,0.99,0.25,0.09,,,,,,,,,
0.19,0.64,0.99,0.25,0.08,,,,,,,,,
0.19,0.64,1,0.25,0.08,,,,,,,,,
0.19,0.64,0.99,0.25,0.08,,,,,,,,,
0.19,0.63,0.99,0.25,0.08,,,,,,,,,
0.19,0.64,0.99,0.26,0.08,,,,,,,,,
0.19,0.64,1,0.26,0.08,,,,,,,,,
0.19,0.63,0.99,0.25,0.08,,,,,,,,,
0.18,0.64,0.99,0.26,0.09,,,,,,,,,
0.19,0.64,0.99,0.25,0.08,,,,,,,,,
0.19,0.63,0.99,0.25,0.08,,,,,,,,,
0.19,0.64,0.99,0.25,0.08,,,,,,,,,
0.19,0.63,0.99,0.25,0.08,,,,,,,,,
0.19,0.63,0.99,0.25,0.09,,,,,,,,,
0.19,0.64,0.99,0.25,0.08,,,,,,,,,
0.19,0.64,0.99,0.25,0.08,,,,,,,,,
0.19,0.64,0.99,0.25,0.09,,,,,,,,,
0.18,0.64,0.99,0.25,0.09,,,,,,,,,
0.19,0.64,0.99,0.25,0.08,,,,,,,,,
0.18,0.64,0.99,0.26,0.08,,,,,,,,,
0.19,0.64,0.99,0.25,0.08,,,,,,,,,
0.19,0.64,0.99,0.25,0.09,,,,,,,,,
0.19,0.63,0.99,0.25,0.08,,,,,,,,,
0.19,0.63,0.99,0.25,0.08,,,,,,,,,
0.19,0.64,0.99,0.26,0.09,,,,,,,,,
0.19,0.63,0.99,0.25,0.08,,,,,,,,,
0.19,0.64,1,0.25,0.08,,,,,,,,,
0.19,0.64,1,0.25,0.08,,,,,,,,,
0.19,0.63,1,0.25,0.08,,,,,,,,,
0.19,0.64,0.99,0.25,0.08,,,,,,,,,
0.19,0.63,1,0.26,0.08,,,,,,,,,
0.19,0.64,1,0.25,0.08,,,,,,,,,
0.19,0.64,0.99,0.26,0.09,,,,,,,,,
0.19,0.63,0.99,0.25,0.08,,,,,,,,,
0.19,0.64,0.99,0.25,0.09,,,,,,,,,
0.19,0.64,0.99,0.25,0.08,,,,,,,,,
0.19,0.64,0.99,0.25,0.08,,,,,,,,,
0.19,0.64,0.99,0.25,0.08,,,,,,,,,
0.19,0.64,0.99,0.25,0.08,,,,,,,,,
0.19,0.63,0.99,0.25,0.08,,,,,,,,,
0.19,0.64,0.99,0.25,0.09,,,,,,,,,
0.19,0.63,0.99,0.26,0.09,,,,,,,,,
0.19,0.64,0.99,0.25,0.08,,,,,,,,,
0.18,0.63,0.98,0.24,0.09,,,,,,,,,
0.19,0.64,0.99,0.25,0.08,,,,,,,,,
0.19,0.64,0.99,0.25,0.09,,,,,,,,,
0.19,0.64,0.99,0.25,0.08,,,,,,,,,
0.19,0.64,0.99,0.25,0.08,,,,,,,,,
0.19,0.64,0.99,0.25,0.08,,,,,,,,,
0.19,0.64,0.99,0.25,0.08,,,,,,,,,
0.19,0.63,1,0.25,0.08,,,,,,,,,
0.19,0.64,0.99,0.25,0.09,,,,,,,,,
0.19,0.63,0.99,0.25,0.09,,,,,,,,,
0.19,0.64,0.99,0.25,0.08,,,,,,,,,
0.18,0.64,0.99,0.24,0.08,,,,,,,,,
0.19,0.64,0.99,0.25,0.08,,,,,,,,,
0.19,0.64,0.99,0.27,0.09,,,,,,,,,
0.19,0.64,0.99,0.25,0.08,,,,,,,,,
0.19,0.63,0.99,0.25,0.08,,,,,,,,,
0.19,0.64,0.99,0.26,0.09,,,,,,,,,
0.19,0.64,0.99,0.25,0.08,,,,,,,,,
0.19,0.64,0.99,0.25,0.08,,,,,,,,,
0.19,0.64,0.99,0.25,0.08,,,,,,,,,
0.18,0.63,0.99,0.25,0.09,,,,,,,,,
0.19,0.63,0.99,0.25,0.08,,,,,,,,,
0.18,0.64,0.99,0.24,0.08,,,,,,,,,
0.19,0.65,0.99,0.25,0.08,,,,,,,,,
0.19,0.64,1,0.26,0.09,,,,,,,,,
0.19,0.63,0.99,0.25,0.08,,,,,,,,,
0.19,0.64,0.99,0.25,0.09,,,,,,,,,
0.19,0.64,1,0.25,0.08,,,,,,,,,
0.19,0.64,0.99,0.25,0.08,,,,,,,,,
0.19,0.64,0.99,0.25,0.08,,,,,,,,,
0.19,0.64,0.99,0.25,0.08,,,,,,,,,
0.19,0.64,0.99,0.25,0.08,,,,,,,,,
0.19,0.64,0.99,0.25,0.09,,,,,,,,,
0.18,0.64,0.99,0.25,0.09,,,,,,,,,
0.19,0.64,0.99,0.25,0.08,,,,,,,,,
0.19,0.63,0.98,0.26,0.09,,,,,,,,,
0.19,0.63,0.98,0.25,0.08,,,,,,,,,
0.19,0.64,0.99,0.25,0.09,,,,,,,,,
0.19,0.63,0.99,0.25,0.08,,,,,,,,,
0.19,0.63,0.99,0.25,0.08,,,,,,,,,
0.19,0.63,0.99,0.25,0.09,,,,,,,,,
0.19,0.64,0.99,0.25,0.08,,,,,,,,,
0.19,0.63,1,0.25,0.08,,,,,,,,,
0.19,0.64,0.99,0.25,0.09,,,,,,,,,
0.18,0.64,1,0.25,0.08,,,,,,,,,
0.19,0.64,0.99,0.25,0.08,,,,,,,,,
0.18,0.64,0.99,0.26,0.08,,,,,,,,,
0.19,0.64,0.99,0.25,0.08,,,,,,,,,
0.19,0.64,0.99,0.25,0.09,,,,,,,,,
0.19,0.63,0.99,0.25,0.08,,,,,,,,,
0.19,0.63,0.99,0.25,0.08,,,,,,,,,
0.19,0.64,0.99,0.25,0.09,,,,,,,,,
0.19,0.64,1,0.25,0.08,,,,,,,,,
0.19,0.64,1,0.25,0.08,,,,,,,,,
0.19,0.64,0.99,0.25,0.08,,,,,,,,,
0.19,0.63,0.99,0.26,0.08,,,,,,,,,
0.19,0.64,0.99,0.25,0.08,,,,,,,,,
0.19,0.63,1,0.25,0.09,,,,,,,,,
0.19,0.64,0.99,0.25,0.08,,,,,,,,,
0.19,0.64,0.99,0.26,0.09,,,,,,,,,
0.19,0.64,0.99,0.25,0.08,,,,,,,,,
0.19,0.64,0.99,0.25,0.1,,,,,,,,,
0.19,0.63,0.99,0.25,0.08,,,,,,,,,
0.19,0.64,0.99,0.25,0.08,,,,,,,,,
0.19,0.63,0.99,0.25,0.09,,,,,,,,,
0.19,0.64,0.99,0.25,0.08,,,,,,,,,
0.19,0.64,0.99,0.25,0.09,,,,,,,,,
0.18,0.63,0.99,0.25,0.08,,,,,,,,,
0.18,0.64,1,0.25,0.08,,,,,,,,,
0.19,0.64,0.99,0.25,0.08,,,,,,,,,
0.18,0.63,0.99,0.24,0.09,,,,,,,,,
0.19,0.64,0.99,0.25,0.08,,,,,,,,,
0.19,0.64,0.99,0.25,0.09,,,,,,,,,
0.19,0.64,0.99,0.25,0.08,,,,,,,,,
0.19,0.63,0.99,0.25,0.08,,,,,,,,,
0.19,0.64,0.99,0.25,0.08,,,,,,,,,
0.19,0.64,0.99,0.25,0.08,,,,,,,,,
0.19,0.64,0.99,0.25,0.08,,,,,,,,,
0.19,0.64,0.99,0.25,0.09,,,,,,,,,
0.19,0.63,0.99,0.25,0.09,,,,,,,,,
0.19,0.63,0.99,0.25,0.08,,,,,,,,,
0.19,0.64,0.99,0.24,0.08,,,,,,,,,
0.19,0.64,0.99,0.25,0.08,,,,,,,,,
0.19,0.64,0.99,0.25,0.09,,,,,,,,,
0.19,0.63,0.99,0.25,0.08,,,,,,,,,
0.19,0.64,0.99,0.25,0.08,,,,,,,,,
0.18,0.64,0.99,0.24,0.08,,,,,,,,,
0.19,0.64,0.99,0.25,0.08,,,,,,,,,
0.19,0.63,0.99,0.25,0.08,,,,,,,,,
0.19,0.63,0.99,0.25,0.08,,,,,,,,,
0.19,0.64,0.99,0.25,0.09,,,,,,,,,
0.19,0.64,0.99,0.25,0.08,,,,,,,,,
0.18,0.64,0.99,0.25,0.08,,,,,,,,,
0.19,0.64,0.99,0.25,0.08,,,,,,,,,
0.19,0.64,0.99,0.25,0.09,,,,,,,,,
0.19,0.63,0.99,0.25,0.08,,,,,,,,,
0.19,0.63,0.99,0.25,0.08,,,,,,,,,
0.19,0.63,0.99,0.25,0.08,,,,,,,,,
0.19,0.64,1,0.25,0.08,,,,,,,,,
0.19,0.63,0.99,0.25,0.08,,,,,,,,,
0.19,0.63,0.99,0.25,0.08,,,,,,,,,
0.18,0.64,1,0.25,0.08,,,,,,,,,
0.19,0.64,0.99,0.25,0.09,,,,,,,,,
0.18,0.64,0.99,0.25,0.08,,,,,,,,,
0.19,0.64,0.99,0.25,0.08,,,,,,,,,
0.19,0.64,0.99,0.25,0.09,,,,,,,,,
0.19,0.63,0.99,0.25,0.08,,,,,,,,,
0.19,0.63,0.99,0.25,0.08,,,,,,,,,
0.19,0.64,0.99,0.25,0.08,,,,,,,,,
0.19,0.63,0.99,0.25,0.08,,,,,,,,,
0.19,0.64,0.99,0.24,0.08,,,,,,,,,
0.19,0.64,0.99,0.25,0.08,,,,,,,,,
0.19,0.64,1,0.26,0.08,,,,,,,,,
0.19,0.64,0.99,0.25,0.09,,,,,,,,,
0.19,0.63,0.99,0.25,0.09,,,,,,,,,
0.19,0.64,0.99,0.25,0.08,,,,,,,,,
0.19,0.64,1,0.25,0.08,,,,,,,,,
0.19,0.64,0.99,0.25,0.08,,,,,,,,,
0.19,0.64,0.99,0.25,0.09,,,,,,,,,
0.19,0.65,1,0.25,0.08,,,,,,,,,
0.19,0.63,0.99,0.25,0.08,,,,,,,,,
0.18,0.64,0.99,0.24,0.08,,,,,,,,,
0.19,0.64,1,0.25,0.08,,,,,,,,,
0.19,0.64,0.99,0.26,0.08,,,,,,,,,
0.18,0.63,0.99,0.25,0.08,,,,,,,,,
0.18,0.64,0.99,0.24,0.08,,,,,,,,,
0.19,0.64,0.99,0.25,0.08,,,,,,,,,
0.19,0.64,1,0.25,0.08,,,,,,,,,
0.19,0.64,0.99,0.25,0.08,,,,,,,,,
0.19,0.63,0.99,0.25,0.08,,,,,,,,,
0.19,0.63,0.99,0.25,0.08,,,,,,,,,
0.19,0.63,0.99,0.25,0.08,,,,,,,,,
0.18,0.64,1,0.25,0.08,,,,,,,,,
0.19,0.64,0.99,0.25,0.08,,,,,,,,,
0.18,0.64,0.99,0.26,0.08,,,,,,,,,
0.19,0.63,0.99,0.25,0.08,,,,,,,,,
0.19,0.63,1,0.26,0.08,,,,,,,,,
0.19,0.64,0.99,0.25,0.08,,,,,,,,,
0.19,0.63,0.99,0.26,0.08,,,,,,,,,
0.19,0.64,0.99,0.25,0.08,,,,,,,,,
0.18,0.64,0.99,0.25,0.08,,,,,,,,,
0.19,0.64,0.99,0.25,0.08,,,,,,,,,
0.19,0.63,0.99,0.25,0.08,,,,,,,,,
0.19,0.63,0.98,0.25,0.08,,,,,,,,,
0.19,0.63,0.99,0.25,0.08,,,,,,,,,
0.19,0.63,0.98,0.25,0.09,,,,,,,,,
0.19,0.64,0.99,0.25,0.08,,,,,,,,,
0.19,0.64,0.99,0.25,0.09,,,,,,,,,
0.19,0.64,0.99,0.25,0.09,,,,,,,,,
0.19,0.63,0.99,0.25,0.09,,,,,,,,,
0.19,0.64,0.99,0.25,0.08,,,,,,,,,
0.19,0.63,0.99,0.25,0.09,,,,,,,,,
0.19,0.63,0.99,0.25,0.08,,,,,,,,,
0.19,0.63,0.99,0.25,0.09,,,,,,,,,
0.19,0.64,0.99,0.25,0.08,,,,,,,,,
0.19,0.63,0.99,0.25,0.08,,,,,,,,,
0.18,0.64,0.99,0.24,0.08,,,,,,,,,
0.19,0.63,0.99,0.25,0.08,,,,,,,,,
0.19,0.63,1,0.26,0.08,,,,,,,,,
0.19,0.64,0.99,0.25,0.08,,,,,,,,,
0.18,0.64,0.99,0.25,0.08,,,,,,,,,
0.19,0.63,0.99,0.25,0.08,,,,,,,,,
0.19,0.63,0.99,0.25,0.08,,,,,,,,,
0.19,0.63,0.99,0.25,0.08,,,,,,,,,
0.19,0.64,0.99,0.25,0.09,,,,,,,,,
0.19,0.64,0.99,0.25,0.08,,,,,,,,,
0.19,0.63,0.99,0.25,0.08,,,,,,,,,
0.18,0.63,0.99,0.25,0.08,,,,,,,,,
0.19,0.63,0.99,0.25,0.08,,,,,,,,,
0.18,0.64,0.99,0.25,0.09,,,,,,,,,
0.19,0.63,0.99,0.25,0.08,,,,,,,,,
0.19,0.63,0.99,0.26,0.08,,,,,,,,,
0.19,0.64,1,0.25,0.08,,,,,,,,,
0.19,0.64,0.99,0.25,0.09,,,,,,,,,
0.19,0.64,0.99,0.25,0.08,,,,,,,,,
0.19,0.64,0.99,0.25,0.09,,,,,,,,,
0.19,0.64,0.99,0.25,0.08,,,,,,,,,
0.19,0.63,0.99,0.25,0.08,,,,,,,,,
0.19,0.63,0.99,0.25,0.08,,,,,,,,,
0.19,0.64,1,0.25,0.08,,,,,,,,,
0.19,0.64,0.99,0.25,0.09,,,,,,,,,
0.19,0.63,0.98,0.25,0.08,,,,,,,,,
0.18,0.63,0.99,0.24,0.08,,,,,,,,,
0.18,0.63,0.99,0.26,0.08,,,,,,,,,
0.19,0.63,0.99,0.26,0.08,,,,,,,,,
0.19,0.63,1,0.25,0.08,,,,,,,,,
0.19,0.64,1,0.25,0.08,,,,,,,,,
0.19,0.64,0.99,0.25,0.08,,,,,,,,,
0.19,0.64,1,0.25,0.08,,,,,,,,,
0.19,0.64,0.99,0.25,0.08,,,,,,,,,
0.19,0.64,0.99,0.25,0.08,,,,,,,,,
0.18,0.63,0.98,0.26,0.09,,,,,,,,,
0.19,0.64,0.99,0.25,0.08,,,,,,,,,
0.19,0.64,0.99,0.25,0.09,,,,,,,,,
0.19,0.64,0.99,0.25,0.09,,,,,,,,,
0.19,0.63,0.99,0.25,0.09,,,,,,,,,
0.19,0.64,0.99,0.25,0.08,,,,,,,,,
0.19,0.64,1,0.25,0.08,,,,,,,,,
0.19,0.64,0.99,0.25,0.08,,,,,,,,,
0.19,0.64,0.99,0.25,0.09,,,,,,,,,
0.19,0.63,0.99,0.25,0.08,,,,,,,,,
0.19,0.64,0.99,0.25,0.08,,,,,,,,,
0.18,0.63,0.99,0.25,0.09,,,,,,,,,
0.19,0.63,0.98,0.25,0.08,,,,,,,,,
0.19,0.64,0.99,0.25,0.09,,,,,,,,,
0.19,0.64,0.99,0.25,0.08,,,,,,,,,
0.19,0.64,0.99,0.25,0.09,,,,,,,,,
0.19,0.63,0.99,0.25,0.09,,,,,,,,,
0.19,0.63,0.99,0.25,0.08,,,,,,,,,
0.19,0.63,1,0.25,0.08,,,,,,,,,
0.18,0.64,0.99,0.25,0.08,,,,,,,,,
0.19,0.64,1,0.25,0.08,,,,,,,,,
0.19,0.63,0.99,0.25,0.08,,,,,,,,,
0.19,0.64,0.99,0.25,0.08,,,,,,,,,
0.19,0.63,0.99,0.25,0.08,,,,,,,,,
0.19,0.63,0.99,0.26,0.09,,,,,,,,,
0.19,0.64,0.99,0.25,0.08,,,,,,,,,
0.18,0.64,0.99,0.25,0.09,,,,,,,,,
0.18,0.63,0.99,0.25,0.09,,,,,,,,,
0.19,0.64,0.99,0.25,0.08,,,,,,,,,
0.19,0.64,1,0.25,0.08,,,,,,,,,
0.19,0.63,0.99,0.25,0.08,,,,,,,,,
0.19,0.63,0.99,0.25,0.08,,,,,,,,,
0.19,0.64,0.99,0.25,0.09,,,,,,,,,
0.19,0.63,1,0.25,0.08,,,,,,,,,
0.19,0.64,0.99,0.25,0.08,,,,,,,,,
0.18,0.63,0.99,0.24,0.09,,,,,,,,,
0.19,0.63,0.99,0.25,0.08,,,,,,,,,
0.19,0.64,0.99,0.25,0.09,,,,,,,,,
0.19,0.64,0.99,0.25,0.08,,,,,,,,,
0.19,0.64,0.99,0.25,0.09,,,,,,,,,
0.19,0.64,0.99,0.25,0.08,,,,,,,,,
0.19,0.64,1,0.25,0.08,,,,,,,,,
0.19,0.64,0.99,0.25,0.08,,,,,,,,,
0.19,0.64,0.99,0.25,0.09,,,,,,,,,
0.19,0.63,0.99,0.25,0.08,,,,,,,,,
0.19,0.64,0.99,0.25,0.08,,,,,,,,,
0.18,0.63,0.98,0.26,0.08,,,,,,,,,
0.19,0.63,0.99,0.25,0.08,,,,,,,,,
0.19,0.64,0.99,0.25,0.09,,,,,,,,,
0.19,0.64,0.99,0.25,0.08,,,,,,,,,
0.18,0.63,0.99,0.25,0.08,,,,,,,,,
0.19,0.63,0.99,0.25,0.08,,,,,,,,,
0.19,0.63,0.99,0.25,0.08,,,,,,,,,
0.19,0.64,0.99,0.25,0.08,,,,,,,,,
0.18,0.64,0.99,0.26,0.08,,,,,,,,,
0.19,0.64,0.99,0.25,0.08,,,,,,,,,
0.19,0.63,0.99,0.25,0.08,,,,,,,,,
0.19,0.63,0.99,0.25,0.08,,,,,,,,,
0.19,0.63,0.99,0.25,0.08,,,,,,,,,
0.19,0.64,1,0.26,0.09,,,,,,,,,
0.19,0.64,0.99,0.25,0.08,,,,,,,,,
0.19,0.64,0.99,0.25,0.09,,,,,,,,,
0.19,0.63,0.99,0.25,0.09,,,,,,,,,
0.19,0.64,0.99,0.25,0.08,,,,,,,,,
0.19,0.63,0.99,0.25,0.08,,,,,,,,,
0.19,0.63,0.99,0.25,0.08,,,,,,,,,
0.19,0.63,0.99,0.25,0.08,,,,,,,,,
0.19,0.64,0.99,0.25,0.09,,,,,,,,,
0.19,0.63,0.98,0.25,0.08,,,,,,,,,
0.19,0.63,0.99,0.25,0.08,,,,,,,,,
0.18,0.64,0.99,0.25,0.08,,,,,,,,,
0.19,0.63,0.99,0.25,0.08,,,,,,,,,
0.18,0.63,1,0.26,0.08,,,,,,,,,
0.19,0.63,1,0.25,0.08,,,,,,,,,
0.19,0.64,0.99,0.25,0.08,,,,,,,,,
0.19,0.64,1,0.25,0.08,,,,,,,,,
0.19,0.64,1,0.25,0.08,,,,,,,,,
0.19,0.64,1,0.25,0.08,,,,,,,,,
0.18,0.63,0.99,0.25,0.08,,,,,,,,,
0.19,0.63,0.99,0.25,0.08,,,,,,,,,
0.19,0.63,0.99,0.25,0.08,,,,,,,,,
0.18,0.63,0.99,0.25,0.08,,,,,,,,,
0.19,0.64,0.99,0.25,0.08,,,,,,,,,
0.18,0.64,0.99,0.25,0.09,,,,,,,,,
0.19,0.64,0.99,0.25,0.08,,,,,,,,,
0.19,0.64,0.99,0.25,0.08,,,,,,,,,
0.19,0.63,1,0.26,0.08,,,,,,,,,
0.19,0.64,0.99,0.25,0.08,,,,,,,,,
0.19,0.64,0.99,0.25,0.08,,,,,,,,,
0.19,0.64,0.99,0.25,0.09,,,,,,,,,
0.19,0.64,0.99,0.25,0.08,,,,,,,,,
0.19,0.63,1,0.25,0.08,,,,,,,,,
0.18,0.63,0.99,0.24,0.08,,,,,,,,,
0.19,0.63,0.99,0.25,0.08,,,,,,,,,
0.19,0.63,0.99,0.26,0.09,,,,,,,,,
0.19,0.63,0.99,0.25,0.08,,,,,,,,,
0.19,0.64,0.98,0.25,0.09,,,,,,,,,
0.18,0.64,1,0.25,0.08,,,,,,,,,
0.19,0.64,1,0.25,0.08,,,,,,,,,
0.19,0.64,0.99,0.25,0.08,,,,,,,,,
0.19,0.63,0.99,0.25,0.08,,,,,,,,,
0.19,0.63,1,0.25,0.08,,,,,,,,,
0.19,0.64,0.99,0.25,0.09,,,,,,,,,
0.19,0.63,0.98,0.25,0.08,,,,,,,,,
0.19,0.63,0.99,0.25,0.08,,,,,,,,,
0.18,0.64,0.99,0.26,0.09,,,,,,,,,
0.19,0.64,0.99,0.25,0.08,,,,,,,,,
0.19,0.64,0.99,0.25,0.09,,,,,,,,,
0.19,0.63,0.99,0.25,0.08,,,,,,,,,
0.19,0.64,0.99,0.25,0.08,,,,,,,,,
0.19,0.64,0.99,0.25,0.08,,,,,,,,,
0.19,0.64,1,0.25,0.08,,,,,,,,,
0.19,0.64,1,0.25,0.08,,,,,,,,,
0.19,0.64,0.99,0.25,0.08,,,,,,,,,
0.19,0.63,1,0.25,0.08,,,,,,,,,
0.19,0.63,0.99,0.25,0.08,,,,,,,,,
0.18,0.64,1,0.26,0.09,,,,,,,,,
0.19,0.63,0.99,0.25,0.08,,,,,,,,,
0.19,0.63,1,0.26,0.08,,,,,,,,,
0.19,0.63,0.99,0.25,0.08,,,,,,,,,
0.19,0.64,0.99,0.25,0.09,,,,,,,,,
0.19,0.64,1,0.25,0.08,,,,,,,,,
0.19,0.63,0.99,0.25,0.08,,,,,,,,,
0.19,0.63,0.99,0.25,0.08,,,,,,,,,
0.19,0.63,0.98,0.26,0.09,,,,,,,,,
0.19,0.64,0.99,0.25,0.08,,,,,,,,,
0.19,0.64,0.99,0.25,0.08,,,,,,,,,
0.18,0.63,0.99,0.25,0.09,,,,,,,,,
0.19,0.64,0.99,0.25,0.08,,,,,,,,,
0.19,0.63,0.99,0.26,0.09,,,,,,,,,
0.19,0.64,0.99,0.25,0.08,,,,,,,,,
0.19,0.64,0.99,0.25,0.08,,,,,,,,,
0.18,0.64,1,0.25,0.08,,,,,,,,,
0.19,0.64,0.99,0.25,0.08,,,,,,,,,
0.19,0.64,1,0.25,0.08,,,,,,,,,
0.19,0.63,0.99,0.25,0.08,,,,,,,,,
0.19,0.63,0.99,0.25,0.08,,,,,,,,,
0.19,0.64,0.99,0.25,0.09,,,,,,,,,
0.19,0.64,1,0.25,0.08,,,,,,,,,
0.19,0.63,0.99,0.25,0.08,,,,,,,,,
0.18,0.64,0.99,0.26,0.09,,,,,,,,,
0.19,0.63,0.99,0.25,0.08,,,,,,,,,
0.19,0.63,0.99,0.25,0.09,,,,,,,,,
0.19,0.64,0.99,0.25,0.08,,,,,,,,,
0.19,0.64,0.99,0.25,0.09,,,,,,,,,
0.19,0.64,0.99,0.25,0.08,,,,,,,,,
0.19,0.64,0.99,0.25,0.08,,,,,,,,,
0.19,0.64,0.99,0.25,0.08,,,,,,,,,
0.19,0.64,0.99,0.25,0.09,,,,,,,,,
0.19,0.63,0.99,0.25,0.08,,,,,,,,,
0.19,0.63,0.99,0.25,0.08,,,,,,,,,
0.18,0.63,0.99,0.26,0.09,,,,,,,,,
0.19,0.63,0.99,0.25,0.08,,,,,,,,,
0.19,0.63,0.99,0.26,0.09,,,,,,,,,
0.19,0.64,0.99,0.25,0.08,,,,,,,,,
0.19,0.64,0.99,0.25,0.09,,,,,,,,,
0.19,0.64,0.99,0.25,0.08,,,,,,,,,
0.19,0.63,0.99,0.25,0.08,,,,,,,,,
0.19,0.63,1,0.25,0.08,,,,,,,,,
0.18,0.64,0.99,0.25,0.08,,,,,,,,,
0.19,0.63,1,0.25,0.08,,,,,,,,,
0.19,0.63,0.99,0.25,0.08,,,,,,,,,
0.19,0.63,1,0.26,0.08,,,,,,,,,
0.19,0.64,1,0.25,0.08,,,,,,,,,
0.19,0.63,1,0.25,0.09,,,,,,,,,
0.19,0.63,1,0.25,0.08,,,,,,,,,
0.19,0.64,1,0.25,0.08,,,,,,,,,
0.18,0.64,0.99,0.24,0.08,,,,,,,,,
0.19,0.63,0.99,0.25,0.08,,,,,,,,,
0.19,0.64,0.99,0.25,0.08,,,,,,,,,
0.18,0.63,0.99,0.25,0.08,,,,,,,,,
0.19,0.64,0.99,0.25,0.08,,,,,,,,,
0.19,0.64,0.99,0.25,0.1,,,,,,,,,
0.18,0.64,0.99,0.25,0.09,,,,,,,,,
0.19,0.64,1,0.25,0.08,,,,,,,,,
0.19,0.64,1,0.26,0.09,,,,,,,,,
0.19,0.64,0.99,0.25,0.08,,,,,,,,,
0.19,0.64,0.99,0.25,0.09,,,,,,,,,
0.18,0.64,0.99,0.25,0.08,,,,,,,,,
0.19,0.64,0.99,0.25,0.08,,,,,,,,,
0.19,0.64,0.99,0.25,0.08,,,,,,,,,
0.19,0.64,0.99,0.25,0.08,,,,,,,,,
0.19,0.63,0.99,0.25,0.08,,,,,,,,,
0.19,0.63,0.99,0.25,0.09,,,,,,,,,
0.19,0.63,0.99,0.25,0.09,,,,,,,,,
0.19,0.63,0.99,0.25,0.08,,,,,,,,,
0.18,0.64,0.99,0.26,0.09,,,,,,,,,
0.19,0.64,0.99,0.25,0.08,,,,,,,,,
0.19,0.64,0.99,0.25,0.09,,,,,,,,,
0.19,0.63,0.99,0.25,0.08,,,,,,,,,
0.19,0.63,0.99,0.25,0.09,,,,,,,,,
0.19,0.63,0.99,0.25,0.09,,,,,,,,,
0.19,0.64,0.99,0.25,0.08,,,,,,,,,
0.19,0.63,1,0.25,0.08,,,,,,,,,
0.18,0.63,0.99,0.25,0.08,,,,,,,,,
0.19,0.63,1,0.25,0.09,,,,,,,,,
0.19,0.64,0.99,0.25,0.08,,,,,,,,,
0.18,0.63,0.99,0.26,0.08,,,,,,,,,
0.19,0.64,0.99,0.25,0.08,,,,,,,,,
0.19,0.64,0.99,0.25,0.09,,,,,,,,,
0.19,0.63,1,0.25,0.08,,,,,,,,,
0.19,0.64,1,0.25,0.08,,,,,,,,,
0.19,0.63,0.99,0.25,0.09,,,,,,,,,
0.19,0.63,0.99,0.25,0.08,,,,,,,,,
0.19,0.64,0.99,0.25,0.08,,,,,,,,,
0.19,0.63,0.98,0.25,0.08,,,,,,,,,
0.19,0.64,0.99,0.25,0.08,,,,,,,,,
0.19,0.64,0.99,0.25,0.09,,,,,,,,,
0.18,0.64,0.99,0.24,0.08,,,,,,,,,
0.19,0.63,0.99,0.25,0.08,,,,,,,,,
0.18,0.63,0.99,0.26,0.09,,,,,,,,,
0.19,0.64,0.99,0.25,0.08,,,,,,,,,
0.19,0.63,0.99,0.25,0.09,,,,,,,,,
0.19,0.63,0.99,0.25,0.09,,,,,,,,,
0.19,0.64,0.99,0.25,0.08,,,,,,,,,
0.19,0.64,1,0.25,0.08,,,,,,,,,
0.19,0.64,1,0.25,0.08,,,,,,,,,
0.19,0.63,0.98,0.25,0.08,,,,,,,,,
0.18,0.64,0.98,0.26,0.09,,,,,,,,,
0.19,0.64,0.99,0.26,0.08,,,,,,,,,
0.19,0.63,0.99,0.25,0.08,,,,,,,,,
0.18,0.63,0.99,0.26,0.09,,,,,,,,,
0.19,0.63,0.99,0.25,0.08,,,,,,,,,
0.19,0.63,0.99,0.26,0.09,,,,,,,,,
0.19,0.63,0.99,0.25,0.08,,,,,,,,,
0.19,0.64,0.99,0.25,0.08,,,,,,,,,
0.19,0.63,1,0.26,0.08,,,,,,,,,
0.19,0.64,1,0.25,0.08,,,,,,,,,
0.19,0.64,1,0.25,0.08,,,,,,,,,
0.19,0.64,0.99,0.26,0.08,,,,,,,,,
0.19,0.64,0.99,0.25,0.08,,,,,,,,,
0.19,0.63,0.99,0.25,0.08,,,,,,,,,
0.19,0.63,0.99,0.25,0.09,,,,,,,,,
0.19,0.64,0.99,0.25,0.08,,,,,,,,,
0.19,0.64,0.99,0.26,0.09,,,,,,,,,
0.19,0.63,0.99,0.25,0.08,,,,,,,,,
0.19,0.64,0.99,0.25,0.08,,,,,,,,,
0.18,0.64,0.99,0.24,0.08,,,,,,,,,
0.19,0.63,0.99,0.25,0.08,,,,,,,,,
0.19,0.63,0.99,0.25,0.08,,,,,,,,,
0.19,0.63,0.98,0.25,0.08,,,,,,,,,
0.19,0.64,0.99,0.25,0.08,,,,,,,,,
0.19,0.64,0.99,0.25,0.08,,,,,,,,,
0.18,0.64,0.99,0.24,0.08,,,,,,,,,
0.19,0.64,1,0.25,0.08,,,,,,,,,
0.18,0.63,0.99,0.26,0.09,,,,,,,,,
0.19,0.64,0.99,0.25,0.08,,,,,,,,,
0.19,0.64,0.98,0.25,0.09,,,,,,,,,
0.19,0.64,0.99,0.25,0.08,,,,,,,,,
0.19,0.64,0.99,0.25,0.09,,,,,,,,,
0.19,0.63,0.99,0.25,0.09,,,,,,,,,
0.19,0.63,1,0.25,0.08,,,,,,,,,
0.19,0.63,0.98,0.25,0.08,,,,,,,,,
0.19,0.63,0.98,0.26,0.09,,,,,,,,,
0.19,0.63,0.99,0.25,0.08,,,,,,,,,
0.19,0.64,0.99,0.25,0.08,,,,,,,,,
0.18,0.63,0.98,0.26,0.08,,,,,,,,,
0.19,0.63,0.99,0.25,0.08,,,,,,,,,
0.19,0.64,0.99,0.25,0.09,,,,,,,,,
0.19,0.63,0.99,0.25,0.08,,,,,,,,,
0.19,0.63,0.99,0.25,0.09,,,,,,,,,
0.18,0.64,0.99,0.25,0.08,,,,,,,,,
0.19,0.64,0.99,0.25,0.08,,,,,,,,,
0.19,0.64,1,0.25,0.08,,,,,,,,,
0.19,0.63,0.99,0.25,0.08,,,,,,,,,
0.19,0.64,0.99,0.25,0.08,,,,,,,,,
0.19,0.64,0.99,0.25,0.09,,,,,,,,,
0.18,0.64,0.99,0.26,0.08,,,,,,,,,
0.19,0.63,0.99,0.25,0.08,,,,,,,,,
0.18,0.63,0.99,0.26,0.09,,,,,,,,,
0.19,0.63,0.98,0.25,0.08,,,,,,,,,
0.19,0.63,0.98,0.27,0.09,,,,,,,,,
0.19,0.63,1,0.25,0.08,,,,,,,,,
0.19,0.64,0.99,0.25,0.08,,,,,,,,,
0.19,0.64,0.99,0.25,0.08,,,,,,,,,
0.19,0.64,1,0.25,0.08,,,,,,,,,
0.19,0.63,0.99,0.25,0.08,,,,,,,,,
0.19,0.64,0.99,0.25,0.09,,,,,,,,,
0.19,0.63,1,0.25,0.08,,,,,,,,,
0.19,0.63,0.99,0.25,0.08,,,,,,,,,
0.18,0.64,0.99,0.26,0.09,,,,,,,,,
0.19,0.63,0.99,0.25,0.08,,,,,,,,,
0.19,0.63,1,0.25,0.09,,,,,,,,,
0.19,0.63,1,0.25,0.08,,,,,,,,,
0.19,0.63,0.99,0.25,0.08,,,,,,,,,
0.19,0.63,0.99,0.25,0.09,,,,,,,,,
0.19,0.64,0.99,0.25,0.08,,,,,,,,,
0.19,0.63,0.99,0.25,0.08,,,,,,,,,
0.19,0.64,0.99,0.26,0.08,,,,,,,,,
0.19,0.64,0.99,0.25,0.08,,,,,,,,,
0.19,0.63,0.99,0.25,0.08,,,,,,,,,
0.19,0.63,0.99,0.25,0.09,,,,,,,,,
0.19,0.64,0.99,0.25,0.08,,,,,,,,,
0.19,0.64,1,0.26,0.09,,,,,,,,,
0.19,0.64,1,0.25,0.08,,,,,,,,,
0.19,0.63,0.99,0.25,0.08,,,,,,,,,
0.18,0.64,0.99,0.25,0.08,,,,,,,,,
0.19,0.63,0.99,0.25,0.08,,,,,,,,,
0.19,0.63,1,0.25,0.08,,,,,,,,,
0.19,0.63,0.98,0.25,0.08,,,,,,,,,
0.19,0.64,0.99,0.25,0.08,,,,,,,,,
0.19,0.63,1,0.25,0.08,,,,,,,,,
0.19,0.64,0.99,0.25,0.09,,,,,,,,,
0.19,0.64,1,0.25,0.08,,,,,,,,,
0.19,0.64,0.99,0.26,0.09,,,,,,,,,
0.19,0.64,0.99,0.25,0.08,,,,,,,,,
0.19,0.64,0.98,0.25,0.09,,,,,,,,,
0.19,0.63,1,0.25,0.08,,,,,,,,,
0.19,0.64,0.99,0.25,0.08,,,,,,,,,
0.19,0.63,0.99,0.25,0.08,,,,,,,,,
0.19,0.63,0.99,0.25,0.08,,,,,,,,,
0.19,0.64,1,0.25,0.08,,,,,,,,,
0.18,0.63,1,0.25,0.08,,,,,,,,,
0.19,0.64,0.99,0.26,0.08,,,,,,,,,
0.19,0.64,1,0.25,0.08,,,,,,,,,
0.18,0.64,0.99,0.26,0.09,,,,,,,,,
0.19,0.64,0.99,0.25,0.08,,,,,,,,,
0.19,0.63,1,0.25,0.09,,,,,,,,,
0.19,0.63,1,0.25,0.08,,,,,,,,,
0.19,0.64,0.99,0.25,0.08,,,,,,,,,
0.19,0.63,1,0.27,0.08,,,,,,,,,
0.19,0.63,0.99,0.25,0.08,,,,,,,,,
0.19,0.63,0.98,0.25,0.08,,,,,,,,,
0.19,0.63,0.98,0.26,0.09,,,,,,,,,
0.18,0.63,0.99,0.25,0.09,,,,,,,,,
0.19,0.63,0.99,0.25,0.08,,,,,,,,,
0.18,0.64,1,0.25,0.08,,,,,,,,,
0.19,0.64,1,0.25,0.08,,,,,,,,,
0.19,0.64,0.99,0.25,0.09,,,,,,,,,
0.19,0.63,0.99,0.25,0.08,,,,,,,,,
0.19,0.64,0.99,0.25,0.08,,,,,,,,,
0.19,0.63,0.98,0.26,0.08,,,,,,,,,
0.19,0.64,0.99,0.25,0.08,,,,,,,,,
0.19,0.64,0.99,0.25,0.08,,,,,,,,,
0.19,0.63,0.99,0.25,0.08,,,,,,,,,
0.19,0.63,0.98,0.25,0.08,,,,,,,,,
0.19,0.64,0.98,0.25,0.09,,,,,,,,,
0.18,0.64,0.99,0.24,0.08,,,,,,,,,
0.19,0.64,1,0.25,0.08,,,,,,,,,
0.18,0.63,0.99,0.26,0.09,,,,,,,,,
0.19,0.64,0.99,0.25,0.08,,,,,,,,,
0.19,0.64,0.99,0.25,0.09,,,,,,,,,
0.19,0.64,0.99,0.25,0.08,,,,,,,,,
0.19,0.63,1,0.25,0.08,,,,,,,,,
0.19,0.63,0.99,0.25,0.08,,,,,,,,,
0.19,0.63,0.99,0.25,0.08,,,,,,,,,
0.19,0.63,0.98,0.25,0.08,,,,,,,,,
0.18,0.64,0.99,0.25,0.09,,,,,,,,,
0.18,0.63,0.98,0.24,0.08,,,,,,,,,
0.19,0.63,0.99,0.25,0.08,,,,,,,,,
0.18,0.64,0.99,0.24,0.08,,,,,,,,,
0.19,0.63,0.99,0.25,0.08,,,,,,,,,
0.19,0.63,1,0.25,0.09,,,,,,,,,
0.19,0.64,1,0.25,0.08,,,,,,,,,
0.19,0.63,0.99,0.25,0.08,,,,,,,,,
0.19,0.63,0.99,0.25,0.09,,,,,,,,,
0.19,0.64,0.99,0.25,0.08,,,,,,,,,
0.19,0.64,1,0.25,0.08,,,,,,,,,
0.19,0.64,0.99,0.25,0.09,,,,,,,,,
0.19,0.63,1,0.25,0.08,,,,,,,,,
0.19,0.63,0.99,0.25,0.08,,,,,,,,,
0.19,0.63,1,0.26,0.08,,,,,,,,,
0.19,0.64,1,0.25,0.08,,,,,,,,,
0.19,0.63,0.99,0.26,0.09,,,,,,,,,
0.19,0.63,0.98,0.25,0.08,,,,,,,,,
0.19,0.64,0.99,0.25,0.09,,,,,,,,,
0.19,0.64,0.99,0.25,0.09,,,,,,,,,
0.19,0.64,0.99,0.25,0.08,,,,,,,,,
0.19,0.64,1,0.25,0.08,,,,,,,,,
0.19,0.64,0.99,0.25,0.08,,,,,,,,,
0.19,0.63,1,0.25,0.08,,,,,,,,,
0.19,0.63,1,0.25,0.08,,,,,,,,,
0.18,0.64,0.99,0.24,0.08,,,,,,,,,
0.19,0.65,0.99,0.25,0.08,,,,,,,,,
0.19,0.64,1,0.26,0.09,,,,,,,,,
0.19,0.64,0.99,0.25,0.08,,,,,,,,,
0.19,0.63,1,0.25,0.08,,,,,,,,,
0.18,0.63,0.99,0.25,0.08,,,,,,,,,
0.19,0.63,1,0.25,0.08,,,,,,,,,
0.19,0.63,0.99,0.25,0.08,,,,,,,,,
0.19,0.63,1,0.25,0.08,,,,,,,,,
0.19,0.63,0.99,0.26,0.08,,,,,,,,,
0.19,0.63,1,0.26,0.08,,,,,,,,,
0.18,0.64,0.99,0.24,0.08,,,,,,,,,
0.19,0.63,1,0.25,0.08,,,,,,,,,
0.19,0.64,1,0.26,0.09,,,,,,,,,
0.19,0.63,1,0.25,0.08,,,,,,,,,
0.19,0.63,0.99,0.25,0.08,,,,,,,,,
0.19,0.64,0.99,0.25,0.08,,,,,,,,,
0.19,0.65,0.99,0.25,0.08,,,,,,,,,
0.19,0.63,0.99,0.25,0.08,,,,,,,,,
0.19,0.63,1,0.25,0.08,,,,,,,,,
0.19,0.64,1,0.25,0.09,,,,,,,,,
0.19,0.64,0.99,0.25,0.09,,,,,,,,,
0.18,0.64,1,0.25,0.08,,,,,,,,,
0.19,0.64,1,0.25,0.08,,,,,,,,,
0.19,0.64,0.99,0.25,0.09,,,,,,,,,
0.19,0.64,0.99,0.25,0.08,,,,,,,,,
0.19,0.64,0.99,0.25,0.08,,,,,,,,,
0.19,0.64,0.99,0.25,0.08,,,,,,,,,
0.19,0.63,0.99,0.25,0.08,,,,,,,,,
0.19,0.63,0.99,0.25,0.09,,,,,,,,,
0.19,0.64,0.99,0.25,0.08,,,,,,,,,
0.19,0.64,0.99,0.25,0.09,,,,,,,,,
0.18,0.64,0.99,0.25,0.08,,,,,,,,,
0.18,0.64,0.99,0.26,0.08,,,,,,,,,
0.19,0.63,0.99,0.25,0.08,,,,,,,,,
0.19,0.63,0.99,0.26,0.08,,,,,,,,,
0.19,0.63,0.99,0.25,0.08,,,,,,,,,
0.19,0.63,0.99,0.25,0.09,,,,,,,,,
0.19,0.64,0.99,0.25,0.08,,,,,,,,,
0.19,0.63,0.99,0.25,0.08,,,,,,,,,
0.19,0.63,0.99,0.25,0.09,,,,,,,,,
0.19,0.64,1,0.25,0.08,,,,,,,,,
0.19,0.63,0.99,0.25,0.08,,,,,,,,,
0.19,0.63,0.98,0.25,0.08,,,,,,,,,
0.19,0.63,0.99,0.26,0.09,,,,,,,,,
0.19,0.64,0.99,0.25,0.09,,,,,,,,,
0.18,0.64,0.99,0.24,0.08,,,,,,,,,
0.19,0.63,1,0.25,0.08,,,,,,,,,
0.19,0.63,1,0.25,0.09,,,,,,,,,
0.19,0.63,0.99,0.25,0.08,,,,,,,,,
0.19,0.64,0.99,0.25,0.08,,,,,,,,,
0.19,0.63,0.99,0.25,0.08,,,,,,,,,
0.19,0.63,0.99,0.25,0.08,,,,,,,,,
0.19,0.64,0.99,0.25,0.08,,,,,,,,,
0.19,0.63,0.99,0.25,0.08,,,,,,,,,
0.19,0.64,1,0.25,0.09,,,,,,,,,
0.19,0.63,1,0.26,0.08,,,,,,,,,
0.19,0.63,0.99,0.26,0.08,,,,,,,,,
0.19,0.63,1,0.25,0.08,,,,,,,,,
0.19,0.64,0.99,0.25,0.09,,,,,,,,,
0.19,0.64,1,0.25,0.08,,,,,,,,,
0.19,0.64,0.99,0.25,0.08,,,,,,,,,
0.19,0.64,1,0.25,0.08,,,,,,,,,
0.19,0.64,0.99,0.25,0.08,,,,,,,,,
0.19,0.63,0.99,0.25,0.08,,,,,,,,,
0.19,0.63,1,0.25,0.08,,,,,,,,,
0.19,0.63,1,0.26,0.08,,,,,,,,,
0.18,0.65,0.99,0.25,0.08,,,,,,,,,
0.19,0.63,1,0.26,0.08,,,,,,,,,
0.19,0.63,0.98,0.25,0.08,,,,,,,,,
0.19,0.63,0.99,0.25,0.09,,,,,,,,,
0.19,0.64,0.99,0.25,0.08,,,,,,,,,
0.19,0.64,0.99,0.25,0.09,,,,,,,,,
0.19,0.64,0.99,0.25,0.08,,,,,,,,,
0.19,0.64,0.99,0.25,0.08,,,,,,,,,
0.19,0.63,0.99,0.25,0.09,,,,,,,,,
0.19,0.63,0.99,0.25,0.08,,,,,,,,,
0.18,0.64,0.99,0.25,0.09,,,,,,,,,
0.19,0.63,1,0.25,0.08,,,,,,,,,
0.18,0.64,1,0.25,0.08,,,,,,,,,
0.19,0.64,0.99,0.25,0.08,,,,,,,,,
0.19,0.63,0.99,0.25,0.09,,,,,,,,,
0.19,0.63,0.99,0.25,0.08,,,,,,,,,
0.18,0.63,0.99,0.25,0.08,,,,,,,,,
0.19,0.63,1,0.25,0.08,,,,,,,,,
0.19,0.64,0.99,0.25,0.08,,,,,,,,,
0.18,0.63,0.98,0.25,0.09,,,,,,,,,
0.19,0.63,0.99,0.25,0.08,,,,,,,,,
0.19,0.64,0.99,0.25,0.09,,,,,,,,,
0.19,0.63,0.99,0.25,0.08,,,,,,,,,
0.19,0.63,0.99,0.25,0.09,,,,,,,,,
0.19,0.63,0.99,0.26,0.09,,,,,,,,,
0.19,0.64,1,0.25,0.08,,,,,,,,,
0.19,0.64,0.99,0.25,0.08,,,,,,,,,
0.19,0.64,0.99,0.25,0.09,,,,,,,,,
0.19,0.63,0.99,0.25,0.08,,,,,,,,,
0.19,0.64,0.99,0.25,0.08,,,,,,,,,
0.19,0.64,0.99,0.25,0.08,,,,,,,,,
0.19,0.63,0.99,0.25,0.08,,,,,,,,,
0.18,0.63,0.98,0.26,0.07,,,,,,,,,
0.19,0.63,0.98,0.25,0.08,,,,,,,,,
0.18,0.64,0.99,0.25,0.09,,,,,,,,,
0.18,0.64,0.99,0.24,0.08,,,,,,,,,
0.19,0.63,1,0.25,0.09,,,,,,,,,
0.19,0.64,1,0.25,0.08,,,,,,,,,
0.19,0.63,0.99,0.25,0.08,,,,,,,,,
0.19,0.63,0.99,0.25,0.08,,,,,,,,,
0.19,0.64,0.99,0.25,0.09,,,,,,,,,
0.19,0.65,1,0.25,0.08,,,,,,,,,
0.19,0.64,0.99,0.25,0.08,,,,,,,,,
0.18,0.64,1,0.25,0.08,,,,,,,,,
0.19,0.64,1,0.25,0.08,,,,,,,,,
0.18,0.64,0.99,0.25,0.08,,,,,,,,,
0.19,0.63,0.99,0.25,0.08,,,,,,,,,
0.18,0.64,0.99,0.25,0.09,,,,,,,,,
0.19,0.63,0.99,0.25,0.08,,,,,,,,,
0.19,0.63,0.99,0.25,0.08,,,,,,,,,
0.19,0.64,1,0.25,0.08,,,,,,,,,
0.19,0.64,0.99,0.26,0.08,,,,,,,,,
0.19,0.64,0.99,0.25,0.08,,,,,,,,,
0.19,0.64,1,0.25,0.08,,,,,,,,,
0.19,0.63,0.98,0.26,0.08,,,,,,,,,
0.19,0.63,1,0.25,0.08,,,,,,,,,
0.18,0.64,0.99,0.25,0.09,,,,,,,,,
0.19,0.63,1,0.25,0.08,,,,,,,,,
0.19,0.64,0.99,0.25,0.09,,,,,,,,,
0.19,0.63,0.99,0.25,0.09,,,,,,,,,
0.19,0.64,1,0.25,0.08,,,,,,,,,
0.19,0.63,1,0.25,0.08,,,,,,,,,
0.18,0.63,1,0.25,0.08,,,,,,,,,
0.19,0.63,0.99,0.25,0.08,,,,,,,,,
0.19,0.64,0.99,0.25,0.08,,,,,,,,,
0.19,0.64,0.99,0.25,0.08,,,,,,,,,
0.19,0.63,0.99,0.25,0.08,,,,,,,,,
0.19,0.64,0.99,0.26,0.09,,,,,,,,,
0.19,0.64,0.99,0.25,0.08,,,,,,,,,
0.18,0.63,0.99,0.26,0.08,,,,,,,,,
0.19,0.63,1,0.26,0.08,,,,,,,,,
0.19,0.64,1,0.25,0.08,,,,,,,,,
0.19,0.64,1,0.25,0.08,,,,,,,,,
0.19,0.63,0.99,0.25,0.08,,,,,,,,,
0.19,0.63,0.99,0.25,0.08,,,,,,,,,
0.19,0.64,0.99,0.25,0.08,,,,,,,,,
0.19,0.64,1,0.25,0.08,,,,,,,,,
0.19,0.64,0.99,0.25,0.08,,,,,,,,,
0.19,0.63,1,0.26,0.09,,,,,,,,,
0.19,0.64,1,0.25,0.08,,,,,,,,,
0.18,0.64,0.99,0.26,0.08,,,,,,,,,
0.19,0.63,1,0.26,0.08,,,,,,,,,
0.19,0.64,0.99,0.25,0.08,,,,,,,,,
0.19,0.63,0.99,0.25,0.08,,,,,,,,,
0.19,0.63,0.99,0.25,0.08,,,,,,,,,
0.19,0.64,0.99,0.25,0.08,,,,,,,,,
0.19,0.63,0.99,0.25,0.08,,,,,,,,,
0.19,0.64,0.99,0.25,0.08,,,,,,,,,
0.19,0.63,0.99,0.25,0.08,,,,,,,,,
0.18,0.64,1,0.26,0.09,,,,,,,,,
0.19,0.64,1,0.25,0.08,,,,,,,,,
0.19,0.63,1,0.26,0.08,,,,,,,,,
0.19,0.64,1,0.25,0.08,,,,,,,,,
0.19,0.64,0.99,0.25,0.08,,,,,,,,,
0.19,0.64,1,0.25,0.08,,,,,,,,,
0.19,0.64,0.99,0.25,0.08,,,,,,,,,
0.19,0.63,0.99,0.25,0.08,,,,,,,,,
0.19,0.63,0.99,0.26,0.08,,,,,,,,,
0.19,0.64,0.99,0.25,0.08,,,,,,,,,
0.19,0.64,0.99,0.25,0.08,,,,,,,,,
0.18,0.63,0.99,0.25,0.09,,,,,,,,,
0.19,0.63,1,0.25,0.08,,,,,,,,,
0.19,0.63,1,0.25,0.09,,,,,,,,,
0.19,0.63,0.99,0.25,0.08,,,,,,,,,
0.19,0.63,0.99,0.25,0.08,,,,,,,,,
0.19,0.64,0.99,0.24,0.08,,,,,,,,,
0.19,0.64,0.99,0.25,0.08,,,,,,,,,
0.19,0.64,0.99,0.25,0.08,,,,,,,,,
0.18,0.64,1,0.25,0.08,,,,,,,,,
0.19,0.63,1,0.25,0.08,,,,,,,,,
0.19,0.64,0.99,0.25,0.08,,,,,,,,,
0.19,0.64,0.99,0.26,0.09,,,,,,,,,
0.19,0.63,0.99,0.25,0.08,,,,,,,,,
0.19,0.64,0.99,0.26,0.09,,,,,,,,,
0.19,0.64,0.99,0.25,0.08,,,,,,,,,
0.19,0.64,0.99,0.25,0.09,,,,,,,,,
0.19,0.63,0.99,0.25,0.09,,,,,,,,,
0.19,0.64,1,0.25,0.08,,,,,,,,,
0.19,0.64,0.99,0.25,0.08,,,,,,,,,
0.19,0.63,0.99,0.25,0.08,,,,,,,,,
0.19,0.64,0.99,0.25,0.08,,,,,,,,,
0.19,0.64,0.99,0.25,0.09,,,,,,,,,
0.18,0.63,0.99,0.25,0.08,,,,,,,,,
0.19,0.64,1,0.25,0.08,,,,,,,,,
0.18,0.64,1,0.26,0.09,,,,,,,,,
0.19,0.64,0.99,0.25,0.08,,,,,,,,,
0.19,0.63,1,0.26,0.08,,,,,,,,,
0.18,0.63,0.98,0.25,0.09,,,,,,,,,
0.19,0.63,0.99,0.25,0.09,,,,,,,,,
0.19,0.63,0.99,0.25,0.09,,,,,,,,,
0.19,0.64,0.99,0.25,0.08,,,,,,,,,
0.19,0.64,0.99,0.25,0.08,,,,,,,,,
0.19,0.63,0.99,0.25,0.08,,,,,,,,,
0.19,0.64,0.99,0.25,0.08,,,,,,,,,
0.19,0.63,0.99,0.25,0.08,,,,,,,,,
0.18,0.63,0.99,0.26,0.09,,,,,,,,,
0.19,0.64,1,0.25,0.08,,,,,,,,,
0.19,0.64,0.99,0.25,0.09,,,,,,,,,
0.19,0.64,0.99,0.25,0.08,,,,,,,,,
0.19,0.64,0.99,0.25,0.08,,,,,,,,,
0.19,0.64,1,0.25,0.08,,,,,,,,,
0.19,0.64,1,0.25,0.08,,,,,,,,,
0.19,0.64,0.99,0.25,0.08,,,,,,,,,
0.18,0.64,0.99,0.25,0.08,,,,,,,,,
0.19,0.64,0.99,0.25,0.08,,,,,,,,,
0.19,0.63,0.99,0.25,0.08,,,,,,,,,
0.19,0.64,0.99,0.25,0.09,,,,,,,,,
0.19,0.63,0.99,0.25,0.08,,,,,,,,,
0.19,0.64,0.99,0.25,0.09,,,,,,,,,
0.19,0.64,0.99,0.25,0.08,,,,,,,,,
0.19,0.64,0.99,0.25,0.08,,,,,,,,,
0.19,0.63,0.99,0.26,0.08,,,,,,,,,
0.19,0.63,0.99,0.25,0.08,,,,,,,,,
0.19,0.64,0.99,0.25,0.08,,,,,,,,,
0.19,0.63,1,0.25,0.08,,,,,,,,,
0.19,0.64,0.99,0.25,0.08,,,,,,,,,
0.19,0.64,0.99,0.25,0.08,,,,,,,,,
0.18,0.63,0.99,0.25,0.09,,,,,,,,,
0.19,0.63,0.99,0.25,0.08,,,,,,,,,
0.19,0.63,0.99,0.26,0.09,,,,,,,,,
0.19,0.63,0.99,0.25,0.08,,,,,,,,,
0.19,0.64,0.99,0.25,0.09,,,,,,,,,
0.18,0.63,0.99,0.25,0.08,,,,,,,,,
0.19,0.63,0.99,0.25,0.08,,,,,,,,,
0.19,0.63,0.99,0.25,0.08,,,,,,,,,
0.19,0.63,0.99,0.25,0.08,,,,,,,,,
0.19,0.63,0.99,0.25,0.08,,,,,,,,,
0.18,0.64,0.99,0.26,0.09,,,,,,,,,
0.19,0.63,0.99,0.26,0.08,,,,,,,,,
0.19,0.64,1,0.25,0.08,,,,,,,,,
0.18,0.64,1,0.26,0.09,,,,,,,,,
0.19,0.64,1,0.25,0.08,,,,,,,,,
0.19,0.64,0.99,0.25,0.08,,,,,,,,,
0.19,0.64,0.99,0.25,0.08,,,,,,,,,
0.19,0.64,0.99,0.25,0.08,,,,,,,,,
0.19,0.63,1,0.26,0.08,,,,,,,,,
0.19,0.63,1,0.25,0.08,,,,,,,,,
0.19,0.63,0.98,0.25,0.08,,,,,,,,,
0.18,0.64,0.98,0.25,0.09,,,,,,,,,
0.18,0.63,0.98,0.25,0.09,,,,,,,,,
0.19,0.63,0.99,0.25,0.08,,,,,,,,,
0.19,0.63,0.99,0.25,0.09,,,,,,,,,
0.19,0.63,0.99,0.25,0.08,,,,,,,,,
0.19,0.64,0.99,0.25,0.09,,,,,,,,,
0.19,0.64,0.99,0.25,0.08,,,,,,,,,
0.19,0.63,0.99,0.25,0.09,,,,,,,,,
0.19,0.64,0.99,0.26,0.09,,,,,,,,,
0.19,0.64,0.99,0.25,0.08,,,,,,,,,
0.19,0.64,1,0.25,0.08,,,,,,,,,
0.19,0.64,0.99,0.25,0.08,,,,,,,,,
0.19,0.64,0.99,0.25,0.08,,,,,,,,,
0.19,0.64,1,0.25,0.08,,,,,,,,,
0.18,0.63,0.99,0.26,0.08,,,,,,,,,
0.19,0.63,0.99,0.25,0.08,,,,,,,,,
0.19,0.63,0.99,0.26,0.09,,,,,,,,,
0.19,0.63,0.99,0.25,0.08,,,,,,,,,
0.19,0.64,0.99,0.25,0.09,,,,,,,,,
0.18,0.63,0.99,0.26,0.08,,,,,,,,,
0.19,0.64,0.99,0.25,0.08,,,,,,,,,
0.19,0.64,0.99,0.25,0.08,,,,,,,,,
0.19,0.63,0.99,0.25,0.08,,,,,,,,,
0.19,0.63,0.99,0.25,0.08,,,,,,,,,
0.19,0.64,0.99,0.25,0.09,,,,,,,,,
0.18,0.64,0.99,0.25,0.08,,,,,,,,,
0.19,0.63,0.99,0.25,0.08,,,,,,,,,
0.18,0.64,0.99,0.26,0.09,,,,,,,,,
0.19,0.64,0.99,0.25,0.08,,,,,,,,,
0.19,0.64,0.99,0.25,0.08,,,,,,,,,
0.19,0.63,0.98,0.25,0.08,,,,,,,,,
0.19,0.63,0.99,0.25,0.08,,,,,,,,,
0.19,0.63,0.99,0.25,0.09,,,,,,,,,
0.19,0.64,0.99,0.25,0.08,,,,,,,,,
0.19,0.63,1,0.25,0.08,,,,,,,,,
0.18,0.64,0.99,0.25,0.08,,,,,,,,,
0.18,0.63,0.99,0.25,0.09,,,,,,,,,
0.19,0.63,0.99,0.25,0.08,,,,,,,,,
0.19,0.63,0.98,0.26,0.09,,,,,,,,,
0.19,0.64,0.99,0.25,0.08,,,,,,,,,
0.19,0.64,0.99,0.25,0.09,,,,,,,,,
0.19,0.63,1,0.25,0.08,,,,,,,,,
0.19,0.64,0.99,0.25,0.08,,,,,,,,,
0.18,0.64,0.99,0.24,0.08,,,,,,,,,
0.19,0.63,0.99,0.25,0.08,,,,,,,,,
0.19,0.63,0.98,0.25,0.08,,,,,,,,,
0.19,0.63,0.99,0.25,0.08,,,,,,,,,
0.18,0.63,0.98,0.25,0.09,,,,,,,,,
0.19,0.64,0.99,0.25,0.09,,,,,,,,,
0.18,0.63,0.99,0.26,0.08,,,,,,,,,
0.19,0.63,0.99,0.25,0.08,,,,,,,,,
0.19,0.63,0.99,0.26,0.09,,,,,,,,,
0.19,0.64,0.99,0.25,0.08,,,,,,,,,
0.19,0.64,0.99,0.25,0.09,,,,,,,,,
0.18,0.63,0.99,0.25,0.08,,,,,,,,,
0.19,0.63,0.99,0.25,0.08,,,,,,,,,
0.19,0.63,0.99,0.25,0.08,,,,,,,,,
0.19,0.63,1,0.25,0.08,,,,,,,,,
0.19,0.63,0.98,0.25,0.08,,,,,,,,,
0.19,0.63,0.98,0.26,0.09,,,,,,,,,
0.18,0.64,0.99,0.24,0.08,,,,,,,,,
0.19,0.63,0.99,0.25,0.08,,,,,,,,,
0.18,0.63,1,0.26,0.09,,,,,,,,,
0.19,0.64,0.99,0.25,0.08,,,,,,,,,
0.19,0.63,1,0.25,0.08,,,,,,,,,
0.19,0.64,0.99,0.25,0.08,,,,,,,,,
0.19,0.63,0.99,0.25,0.08,,,,,,,,,
0.19,0.63,1,0.26,0.08,,,,,,,,,
0.19,0.63,1,0.25,0.08,,,,,,,,,
0.19,0.63,1,0.25,0.08,,,,,,,,,
0.18,0.64,0.99,0.25,0.08,,,,,,,,,
0.18,0.63,0.99,0.26,0.08,,,,,,,,,
0.19,0.63,0.99,0.25,0.08,,,,,,,,,
0.19,0.64,0.99,0.26,0.09,,,,,,,,,
0.19,0.64,0.99,0.25,0.08,,,,,,,,,
0.19,0.64,0.99,0.25,0.09,,,,,,,,,
0.19,0.64,0.99,0.25,0.08,,,,,,,,,
0.19,0.64,1,0.25,0.08,,,,,,,,,
0.19,0.63,0.99,0.26,0.08,,,,,,,,,
0.19,0.63,0.99,0.25,0.08,,,,,,,,,
0.19,0.63,1,0.25,0.08,,,,,,,,,
0.19,0.63,0.98,0.25,0.09,,,,,,,,,
0.19,0.64,0.99,0.26,0.09,,,,,,,,,
0.19,0.64,0.99,0.25,0.09,,,,,,,,,
0.18,0.63,0.99,0.26,0.08,,,,,,,,,
0.19,0.63,0.98,0.25,0.08,,,,,,,,,
0.19,0.64,0.99,0.26,0.09,,,,,,,,,
0.19,0.64,0.99,0.25,0.08,,,,,,,,,
0.19,0.64,0.99,0.25,0.08,,,,,,,,,
0.18,0.64,0.99,0.24,0.08,,,,,,,,,
0.19,0.64,1,0.25,0.08,,,,,,,,,
0.19,0.63,0.99,0.25,0.08,,,,,,,,,
0.19,0.63,0.98,0.25,0.08,,,,,,,,,
0.18,0.63,0.99,0.25,0.09,,,,,,,,,
0.19,0.63,1,0.26,0.08,,,,,,,,,
0.18,0.63,0.99,0.26,0.08,,,,,,,,,
0.19,0.63,0.98,0.25,0.08,,,,,,,,,
0.19,0.64,0.99,0.26,0.09,,,,,,,,,
0.19,0.63,0.99,0.25,0.08,,,,,,,,,
0.19,0.63,1,0.25,0.08,,,,,,,,,
0.19,0.64,0.99,0.25,0.08,,,,,,,,,
0.19,0.64,0.99,0.25,0.08,,,,,,,,,
0.19,0.63,0.99,0.25,0.09,,,,,,,,,
0.19,0.64,0.99,0.25,0.08,,,,,,,,,
0.19,0.63,1,0.25,0.08,,,,,,,,,
0.18,0.64,0.99,0.25,0.08,,,,,,,,,
0.19,0.63,0.98,0.26,0.08,,,,,,,,,
0.19,0.64,0.99,0.25,0.08,,,,,,,,,
0.19,0.63,0.99,0.26,0.08,,,,,,,,,
0.19,0.64,0.99,0.25,0.08,,,,,,,,,
0.19,0.63,0.99,0.25,0.09,,,,,,,,,
0.19,0.64,1,0.25,0.08,,,,,,,,,
0.19,0.63,0.99,0.25,0.08,,,,,,,,,
0.19,0.64,0.99,0.26,0.09,,,,,,,,,
0.19,0.64,0.99,0.25,0.08,,,,,,,,,
0.19,0.63,1,0.25,0.08,,,,,,,,,
0.19,0.63,0.99,0.25,0.09,,,,,,,,,
0.18,0.64,0.99,0.24,0.08,,,,,,,,,
0.19,0.64,0.99,0.25,0.08,,,,,,,,,
0.19,0.63,1,0.26,0.08,,,,,,,,,
0.19,0.63,1,0.25,0.08,,,,,,,,,
0.19,0.63,0.99,0.25,0.09,,,,,,,,,
0.19,0.64,1,0.25,0.08,,,,,,,,,
0.19,0.64,0.99,0.25,0.08,,,,,,,,,
0.18,0.64,0.99,0.26,0.08,,,,,,,,,
0.19,0.63,1,0.25,0.08,,,,,,,,,
0.19,0.63,0.99,0.25,0.08,,,,,,,,,
0.19,0.63,0.99,0.25,0.08,,,,,,,,,
0.18,0.63,0.99,0.26,0.08,,,,,,,,,
0.19,0.63,0.98,0.25,0.08,,,,,,,,,
0.19,0.63,0.99,0.25,0.09,,,,,,,,,
0.19,0.64,1,0.25,0.08,,,,,,,,,
0.19,0.63,1,0.25,0.09,,,,,,,,,
0.19,0.63,1,0.25,0.08,,,,,,,,,
0.19,0.63,1,0.25,0.08,,,,,,,,,
0.18,0.63,0.99,0.25,0.09,,,,,,,,,
0.19,0.64,0.99,0.25,0.08,,,,,,,,,
0.18,0.63,1,0.25,0.09,,,,,,,,,
0.19,0.63,1,0.25,0.08,,,,,,,,,
0.19,0.63,1,0.26,0.08,,,,,,,,,
0.19,0.63,1,0.27,0.08,,,,,,,,,
0.19,0.63,0.99,0.25,0.08,,,,,,,,,
0.19,0.63,1,0.25,0.08,,,,,,,,,
0.18,0.64,0.99,0.25,0.08,,,,,,,,,
0.19,0.64,0.99,0.25,0.08,,,,,,,,,
0.19,0.64,0.99,0.25,0.08,,,,,,,,,
0.19,0.64,0.99,0.25,0.08,,,,,,,,,
0.19,0.63,0.99,0.25,0.08,,,,,,,,,
0.18,0.64,0.99,0.25,0.09,,,,,,,,,
0.19,0.63,1,0.25,0.08,,,,,,,,,
0.19,0.63,0.99,0.26,0.08,,,,,,,,,
0.19,0.63,1,0.26,0.08,,,,,,,,,
0.19,0.64,1,0.25,0.08,,,,,,,,,
0.19,0.64,0.99,0.25,0.08,,,,,,,,,
0.18,0.64,0.99,0.26,0.08,,,,,,,,,
0.19,0.63,1,0.25,0.08,,,,,,,,,
0.19,0.64,0.99,0.25,0.08,,,,,,,,,
0.19,0.64,0.99,0.25,0.08,,,,,,,,,
0.19,0.63,0.99,0.25,0.08,,,,,,,,,
0.19,0.64,1,0.26,0.09,,,,,,,,,
0.19,0.64,0.99,0.25,0.08,,,,,,,,,
0.18,0.64,0.99,0.25,0.08,,,,,,,,,
0.18,0.63,0.99,0.26,0.08,,,,,,,,,
0.19,0.63,0.99,0.25,0.09,,,,,,,,,
0.19,0.63,0.99,0.25,0.08,,,,,,,,,
0.19,0.63,0.99,0.25,0.08,,,,,,,,,
0.19,0.63,0.99,0.25,0.08,,,,,,,,,
0.19,0.64,0.99,0.25,0.08,,,,,,,,,
0.19,0.64,1,0.25,0.08,,,,,,,,,
0.19,0.63,0.99,0.25,0.08,,,,,,,,,
0.18,0.63,0.98,0.26,0.09,,,,,,,,,
0.19,0.64,0.99,0.25,0.08,,,,,,,,,
0.19,0.64,1,0.25,0.09,,,,,,,,,
0.19,0.65,0.99,0.25,0.08,,,,,,,,,
0.19,0.63,0.99,0.26,0.08,,,,,,,,,
0.19,0.63,0.99,0.25,0.08,,,,,,,,,
0.19,0.63,0.99,0.25,0.09,,,,,,,,,
0.19,0.63,0.99,0.25,0.08,,,,,,,,,
0.18,0.64,0.99,0.25,0.08,,,,,,,,,
0.19,0.64,0.99,0.25,0.08,,,,,,,,,
0.19,0.64,0.99,0.25,0.08,,,,,,,,,
0.19,0.64,1,0.25,0.08,,,,,,,,,
0.19,0.65,1,0.25,0.08,,,,,,,,,
0.19,0.64,0.99,0.25,0.09,,,,,,,,,
0.19,0.64,0.99,0.25,0.08,,,,,,,,,
0.18,0.64,0.99,0.24,0.08,,,,,,,,,
0.19,0.63,0.99,0.25,0.09,,,,,,,,,
0.19,0.63,0.99,0.25,0.09,,,,,,,,,
0.19,0.64,0.99,0.25,0.08,,,,,,,,,
0.18,0.63,0.98,0.25,0.08,,,,,,,,,
0.19,0.64,0.99,0.25,0.08,,,,,,,,,
0.19,0.63,0.99,0.25,0.08,,,,,,,,,
0.19,0.63,0.99,0.25,0.08,,,,,,,,,
0.19,0.63,0.99,0.25,0.08,,,,,,,,,
0.19,0.64,0.99,0.26,0.09,,,,,,,,,
0.19,0.64,0.99,0.25,0.08,,,,,,,,,
0.18,0.64,0.99,0.25,0.08,,,,,,,,,
0.19,0.63,0.99,0.25,0.09,,,,,,,,,
0.19,0.63,0.99,0.25,0.08,,,,,,,,,
0.19,0.63,0.99,0.25,0.08,,,,,,,,,
0.19,0.64,0.99,0.25,0.08,,,,,,,,,
0.19,0.63,1,0.25,0.08,,,,,,,,,
0.19,0.63,1,0.26,0.08,,,,,,,,,
0.19,0.64,0.99,0.25,0.08,,,,,,,,,
0.19,0.64,0.99,0.25,0.08,,,,,,,,,
0.18,0.64,0.99,0.26,0.09,,,,,,,,,
0.19,0.63,1,0.25,0.08,,,,,,,,,
0.18,0.64,0.99,0.25,0.08,,,,,,,,,
0.19,0.63,1,0.25,0.08,,,,,,,,,
0.19,0.63,0.99,0.25,0.08,,,,,,,,,
0.19,0.64,1,0.25,0.08,,,,,,,,,
0.19,0.63,0.99,0.25,0.08,,,,,,,,,
0.19,0.63,0.98,0.25,0.08,,,,,,,,,
0.19,0.63,0.99,0.26,0.09,,,,,,,,,
0.19,0.63,0.99,0.25,0.08,,,,,,,,,
0.19,0.63,0.99,0.25,0.08,,,,,,,,,
0.19,0.63,1,0.25,0.08,,,,,,,,,
0.19,0.64,0.99,0.25,0.08,,,,,,,,,
0.19,0.64,0.99,0.25,0.09,,,,,,,,,
0.19,0.64,0.99,0.25,0.08,,,,,,,,,
0.19,0.63,0.98,0.26,0.08,,,,,,,,,
0.19,0.64,0.99,0.26,0.09,,,,,,,,,
0.19,0.64,1,0.25,0.08,,,,,,,,,
0.19,0.64,0.99,0.25,0.08,,,,,,,,,
0.19,0.63,0.98,0.26,0.08,,,,,,,,,
0.19,0.63,0.98,0.25,0.08,,,,,,,,,
0.19,0.64,0.99,0.25,0.09,,,,,,,,,
0.19,0.64,1,0.25,0.08,,,,,,,,,
0.19,0.63,0.99,0.25,0.08,,,,,,,,,
0.19,0.64,0.99,0.26,0.09,,,,,,,,,
0.19,0.64,1,0.25,0.08,,,,,,,,,
0.18,0.63,1,0.25,0.08,,,,,,,,,
0.18,0.64,0.99,0.26,0.08,,,,,,,,,
0.19,0.64,0.99,0.25,0.08,,,,,,,,,
0.19,0.64,1,0.25,0.08,,,,,,,,,
0.19,0.64,1,0.25,0.08,,,,,,,,,
0.19,0.64,0.99,0.25,0.08,,,,,,,,,
0.19,0.64,0.99,0.25,0.09,,,,,,,,,
0.19,0.63,0.99,0.25,0.08,,,,,,,,,
0.19,0.64,1,0.25,0.08,,,,,,,,,
0.18,0.64,0.99,0.26,0.09,,,,,,,,,
0.19,0.63,1,0.25,0.08,,,,,,,,,
0.19,0.63,0.99,0.26,0.08,,,,,,,,,
0.18,0.63,0.98,0.25,0.08,,,,,,,,,
0.19,0.63,0.99,0.25,0.09,,,,,,,,,
0.19,0.63,0.99,0.25,0.08,,,,,,,,,
0.19,0.64,0.99,0.25,0.08,,,,,,,,,
0.19,0.64,0.99,0.25,0.08,,,,,,,,,
0.19,0.63,1,0.26,0.08,,,,,,,,,
0.19,0.64,0.99,0.25,0.08,,,,,,,,,
0.19,0.63,0.99,0.25,0.08,,,,,,,,,
0.18,0.64,0.99,0.26,0.09,,,,,,,,,
0.19,0.64,0.99,0.25,0.08,,,,,,,,,
0.18,0.63,0.99,0.24,0.08,,,,,,,,,
0.19,0.63,1,0.25,0.08,,,,,,,,,
0.19,0.63,0.99,0.25,0.08,,,,,,,,,
0.19,0.63,0.99,0.25,0.09,,,,,,,,,
0.19,0.64,1,0.25,0.08,,,,,,,,,
0.19,0.64,0.99,0.25,0.08,,,,,,,,,
0.18,0.63,0.99,0.26,0.08,,,,,,,,,
0.19,0.64,0.99,0.25,0.08,,,,,,,,,
0.19,0.63,0.99,0.25,0.08,,,,,,,,,
0.18,0.64,1,0.25,0.08,,,,,,,,,
0.19,0.64,1,0.25,0.08,,,,,,,,,
0.19,0.63,0.99,0.26,0.09,,,,,,,,,
0.19,0.63,0.98,0.25,0.08,,,,,,,,,
0.19,0.63,0.99,0.25,0.08,,,,,,,,,
0.19,0.64,0.99,0.25,0.09,,,,,,,,,
0.19,0.64,0.99,0.25,0.08,,,,,,,,,
0.19,0.64,0.99,0.25,0.08,,,,,,,,,
0.18,0.63,0.99,0.25,0.08,,,,,,,,,
0.19,0.63,1,0.25,0.08,,,,,,,,,
0.19,0.64,0.99,0.25,0.08,,,,,,,,,
0.18,0.63,1,0.25,0.09,,,,,,,,,
0.19,0.63,0.99,0.25,0.08,,,,,,,,,
0.19,0.63,0.99,0.26,0.09,,,,,,,,,
0.19,0.63,0.99,0.25,0.08,,,,,,,,,
0.19,0.64,0.99,0.25,0.09,,,,,,,,,
0.18,0.63,0.99,0.26,0.08,,,,,,,,,
0.19,0.63,1,0.25,0.08,,,,,,,,,
0.19,0.64,0.99,0.25,0.08,,,,,,,,,
0.19,0.64,0.99,0.25,0.08,,,,,,,,,
0.19,0.63,0.99,0.25,0.08,,,,,,,,,
0.19,0.64,0.99,0.27,0.09,,,,,,,,,
0.18,0.64,0.99,0.25,0.09,,,,,,,,,
0.19,0.64,1,0.25,0.08,,,,,,,,,
0.18,0.63,0.99,0.26,0.09,,,,,,,,,
0.19,0.63,1,0.25,0.08,,,,,,,,,
0.19,0.64,0.99,0.25,0.08,,,,,,,,,
0.19,0.64,0.99,0.25,0.08,,,,,,,,,
0.19,0.63,0.99,0.25,0.08,,,,,,,,,
0.19,0.64,1,0.25,0.08,,,,,,,,,
0.19,0.64,1,0.25,0.08,,,,,,,,,
0.19,0.63,1,0.25,0.08,,,,,,,,,
0.19,0.63,0.98,0.26,0.08,,,,,,,,,
0.19,0.64,0.99,0.26,0.09,,,,,,,,,
0.19,0.63,0.99,0.25,0.08,,,,,,,,,
0.18,0.64,1,0.25,0.08,,,,,,,,,
0.19,0.64,0.99,0.25,0.08,,,,,,,,,
0.19,0.63,1,0.25,0.09,,,,,,,,,
0.19,0.64,0.99,0.25,0.08,,,,,,,,,
0.19,0.64,0.99,0.25,0.09,,,,,,,,,
0.19,0.64,0.99,0.25,0.09,,,,,,,,,
0.19,0.63,1,0.25,0.08,,,,,,,,,
0.19,0.63,0.99,0.25,0.08,,,,,,,,,
0.19,0.64,0.99,0.25,0.09,,,,,,,,,
0.19,0.63,0.99,0.25,0.09,,,,,,,,,
0.19,0.63,0.99,0.25,0.08,,,,,,,,,
0.18,0.64,1,0.25,0.08,,,,,,,,,
0.19,0.64,1,0.25,0.08,,,,,,,,,
0.19,0.63,0.99,0.27,0.09,,,,,,,,,
0.19,0.64,0.99,0.25,0.08,,,,,,,,,
0.19,0.63,0.98,0.25,0.09,,,,,,,,,
0.18,0.64,0.99,0.25,0.08,,,,,,,,,
0.19,0.63,1,0.25,0.08,,,,,,,,,
0.19,0.63,1,0.25,0.08,,,,,,,,,
0.19,0.63,0.98,0.25,0.08,,,,,,,,,
0.18,0.63,0.99,0.25,0.09,,,,,,,,,
0.19,0.64,0.99,0.25,0.09,,,,,,,,,
0.18,0.63,0.99,0.25,0.09,,,,,,,,,
0.19,0.64,0.99,0.25,0.08,,,,,,,,,
0.19,0.64,1,0.26,0.09,,,,,,,,,
0.19,0.63,1,0.25,0.08,,,,,,,,,
0.19,0.64,0.99,0.25,0.08,,,,,,,,,
0.18,0.63,0.99,0.26,0.08,,,,,,,,,
0.19,0.64,0.99,0.25,0.08,,,,,,,,,
0.19,0.64,1,0.25,0.08,,,,,,,,,
0.19,0.64,0.99,0.25,0.08,,,,,,,,,
0.19,0.64,1,0.25,0.09,,,,,,,,,
0.19,0.64,0.99,0.25,0.09,,,,,,,,,
0.18,0.64,0.99,0.25,0.08,,,,,,,,,
0.19,0.64,0.99,0.25,0.08,,,,,,,,,
0.19,0.64,0.99,0.25,0.09,,,,,,,,,
0.19,0.63,0.99,0.25,0.08,,,,,,,,,
0.19,0.64,0.99,0.25,0.08,,,,,,,,,
0.19,0.63,1,0.25,0.08,,,,,,,,,
0.19,0.64,0.99,0.25,0.08,,,,,,,,,
0.19,0.63,0.99,0.25,0.09,,,,,,,,,
0.19,0.64,0.99,0.25,0.08,,,,,,,,,
0.19,0.64,0.99,0.26,0.08,,,,,,,,,
0.18,0.64,0.99,0.25,0.08,,,,,,,,,
0.18,0.63,0.99,0.25,0.09,,,,,,,,,
0.19,0.63,0.99,0.25,0.08,,,,,,,,,
0.19,0.64,0.99,0.24,0.09,,,,,,,,,
0.19,0.63,0.99,0.25,0.08,,,,,,,,,
0.19,0.64,0.99,0.25,0.09,,,,,,,,,
0.19,0.63,1,0.25,0.08,,,,,,,,,
0.19,0.64,1,0.25,0.08,,,,,,,,,
0.19,0.63,1,0.26,0.08,,,,,,,,,
0.19,0.63,1,0.25,0.08,,,,,,,,,
0.19,0.65,0.99,0.25,0.09,,,,,,,,,
0.18,0.64,0.99,0.25,0.08,,,,,,,,,
0.18,0.63,0.99,0.25,0.09,,,,,,,,,
0.19,0.64,0.99,0.25,0.08,,,,,,,,,
0.19,0.64,1,0.25,0.08,,,,,,,,,
0.19,0.64,0.99,0.25,0.08,,,,,,,,,
0.19,0.63,1,0.25,0.08,,,,,,,,,
0.19,0.64,0.99,0.25,0.08,,,,,,,,,
0.19,0.64,1,0.25,0.08,,,,,,,,,
0.19,0.63,0.99,0.26,0.08,,,,,,,,,
0.19,0.63,0.98,0.25,0.08,,,,,,,,,
0.18,0.64,0.99,0.25,0.09,,,,,,,,,
0.19,0.64,0.99,0.25,0.08,,,,,,,,,
0.18,0.63,0.99,0.25,0.09,,,,,,,,,
0.19,0.63,0.99,0.25,0.09,,,,,,,,,
0.19,0.64,0.99,0.25,0.09,,,,,,,,,
0.19,0.64,0.99,0.25,0.08,,,,,,,,,
0.19,0.64,0.99,0.25,0.09,,,,,,,,,
0.19,0.64,0.99,0.25,0.08,,,,,,,,,
0.19,0.64,1,0.25,0.08,,,,,,,,,
0.19,0.63,0.98,0.25,0.09,,,,,,,,,
0.19,0.63,0.99,0.25,0.08,,,,,,,,,
0.19,0.64,1,0.25,0.08,,,,,,,,,
0.19,0.64,0.99,0.25,0.08,,,,,,,,,
0.18,0.63,0.99,0.26,0.08,,,,,,,,,
0.19,0.63,1,0.26,0.08,,,,,,,,,
0.19,0.64,0.99,0.26,0.08,,,,,,,,,
0.19,0.63,1,0.25,0.08,,,,,,,,,
0.19,0.64,0.99,0.25,0.09,,,,,,,,,
0.19,0.64,0.99,0.25,0.08,,,,,,,,,
0.19,0.63,1,0.25,0.08,,,,,,,,,
0.19,0.63,1,0.25,0.08,,,,,,,,,
0.19,0.64,1,0.25,0.08,,,,,,,,,
0.18,0.64,0.99,0.25,0.09,,,,,,,,,
0.19,0.64,1,0.25,0.08,,,,,,,,,
0.18,0.64,0.99,0.25,0.08,,,,,,,,,
0.18,0.63,0.99,0.26,0.08,,,,,,,,,
0.19,0.63,0.98,0.26,0.08,,,,,,,,,
0.19,0.64,0.99,0.25,0.08,,,,,,,,,
0.19,0.63,0.99,0.25,0.09,,,,,,,,,
0.19,0.63,0.99,0.25,0.08,,,,,,,,,
0.19,0.64,0.99,0.25,0.09,,,,,,,,,
0.19,0.64,0.99,0.25,0.08,,,,,,,,,
0.19,0.63,0.99,0.25,0.08,,,,,,,,,
0.18,0.63,0.99,0.25,0.09,,,,,,,,,
0.19,0.64,0.99,0.25,0.08,,,,,,,,,
0.18,0.63,0.99,0.26,0.08,,,,,,,,,
0.19,0.63,0.98,0.25,0.09,,,,,,,,,
0.19,0.64,0.99,0.26,0.09,,,,,,,,,
0.19,0.63,0.99,0.25,0.08,,,,,,,,,
0.19,0.63,0.99,0.25,0.09,,,,,,,,,
0.19,0.63,0.99,0.25,0.08,,,,,,,,,
0.18,0.64,0.99,0.25,0.08,,,,,,,,,
0.19,0.63,1,0.25,0.08,,,,,,,,,
0.19,0.63,0.99,0.25,0.08,,,,,,,,,
0.18,0.63,0.99,0.25,0.08,,,,,,,,,
0.19,0.63,1,0.25,0.08,,,,,,,,,
0.19,0.64,1,0.25,0.09,,,,,,,,,
0.19,0.63,1,0.25,0.08,,,,,,,,,
0.18,0.64,0.99,0.25,0.08,,,,,,,,,
0.19,0.63,1,0.26,0.08,,,,,,,,,
0.19,0.63,0.99,0.25,0.08,,,,,,,,,
0.19,0.63,0.99,0.25,0.08,,,,,,,,,
0.18,0.64,0.99,0.25,0.09,,,,,,,,,
0.19,0.63,0.99,0.25,0.08,,,,,,,,,
0.19,0.64,1,0.25,0.08,,,,,,,,,
0.19,0.64,1,0.25,0.08,,,,,,,,,
0.19,0.65,0.99,0.25,0.08,,,,,,,,,
0.18,0.64,1,0.25,0.09,,,,,,,,,
0.19,0.64,1,0.25,0.08,,,,,,,,,
0.19,0.63,0.99,0.26,0.08,,,,,,,,,
0.19,0.63,1,0.26,0.08,,,,,,,,,
0.19,0.63,0.99,0.25,0.08,,,,,,,,,
0.19,0.64,0.99,0.25,0.08,,,,,,,,,
0.18,0.64,0.99,0.24,0.08,,,,,,,,,
0.19,0.64,1,0.25,0.08,,,,,,,,,
0.19,0.64,0.99,0.25,0.08,,,,,,,,,
0.19,0.64,0.99,0.25,0.08,,,,,,,,,
0.19,0.63,0.99,0.25,0.08,,,,,,,,,
0.19,0.64,0.99,0.26,0.09,,,,,,,,,
0.19,0.64,0.99,0.25,0.08,,,,,,,,,
0.19,0.63,0.99,0.25,0.08,,,,,,,,,
0.19,0.64,0.99,0.26,0.08,,,,,,,,,
0.19,0.63,0.99,0.25,0.08,,,,,,,,,
0.19,0.63,1,0.25,0.08,,,,,,,,,
0.19,0.63,0.99,0.25,0.08,,,,,,,,,
0.19,0.63,0.99,0.25,0.08,,,,,,,,,
0.19,0.64,0.99,0.25,0.09,,,,,,,,,
0.19,0.64,1,0.25,0.08,,,,,,,,,
0.19,0.64,1,0.25,0.08,,,,,,,,,
0.18,0.64,0.99,0.26,0.09,,,,,,,,,
0.19,0.63,1,0.25,0.08,,,,,,,,,
0.19,0.63,1,0.26,0.08,,,,,,,,,
0.18,0.63,0.99,0.25,0.08,,,,,,,,,
0.19,0.63,0.99,0.25,0.08,,,,,,,,,
0.19,0.63,0.99,0.25,0.08,,,,,,,,,
0.19,0.63,0.99,0.25,0.08,,,,,,,,,
0.19,0.63,0.99,0.25,0.08,,,,,,,,,
0.19,0.64,0.99,0.25,0.09,,,,,,,,,
0.19,0.63,1,0.25,0.08,,,,,,,,,
0.19,0.64,1,0.25,0.08,,,,,,,,,
0.18,0.64,0.99,0.26,0.09,,,,,,,,,
0.19,0.64,0.99,0.25,0.08,,,,,,,,,
0.18,0.64,0.99,0.25,0.09,,,,,,,,,
0.19,0.64,0.99,0.25,0.08,,,,,,,,,
0.19,0.64,0.99,0.25,0.08,,,,,,,,,
0.19,0.63,1,0.26,0.08,,,,,,,,,
0.19,0.63,0.99,0.25,0.08,,,,,,,,,
0.19,0.63,0.99,0.25,0.08,,,,,,,,,
0.19,0.63,0.98,0.26,0.09,,,,,,,,,
0.19,0.64,0.99,0.25,0.08,,,,,,,,,
0.19,0.63,1,0.25,0.08,,,,,,,,,
0.19,0.64,0.99,0.26,0.08,,,,,,,,,
0.19,0.63,0.99,0.25,0.08,,,,,,,,,
0.19,0.64,0.99,0.25,0.09,,,,,,,,,
0.19,0.63,1,0.25,0.08,,,,,,,,,
0.19,0.64,0.99,0.25,0.08,,,,,,,,,
0.18,0.64,0.99,0.24,0.08,,,,,,,,,
0.19,0.63,0.99,0.25,0.08,,,,,,,,,
0.19,0.63,0.99,0.25,0.08,,,,,,,,,
0.18,0.64,0.99,0.26,0.09,,,,,,,,,
0.19,0.64,0.99,0.25,0.08,,,,,,,,,
0.19,0.64,0.99,0.25,0.09,,,,,,,,,
0.19,0.63,0.99,0.26,0.08,,,,,,,,,
0.19,0.63,0.99,0.25,0.08,,,,,,,,,
0.19,0.64,0.99,0.26,0.09,,,,,,,,,
0.19,0.64,0.99,0.25,0.08,,,,,,,,,
0.19,0.63,0.99,0.25,0.09,,,,,,,,,
0.18,0.63,0.99,0.26,0.09,,,,,,,,,
0.19,0.64,1,0.25,0.08,,,,,,,,,
0.19,0.63,0.99,0.25,0.08,,,,,,,,,
0.19,0.63,0.99,0.25,0.08,,,,,,,,,
0.19,0.63,0.99,0.25,0.08,,,,,,,,,
0.19,0.64,0.99,0.25,0.09,,,,,,,,,
0.19,0.65,1,0.25,0.08,,,,,,,,,
0.19,0.63,0.99,0.25,0.08,,,,,,,,,
0.19,0.63,1,0.26,0.09,,,,,,,,,
0.19,0.63,0.98,0.25,0.08,,,,,,,,,
0.19,0.63,0.99,0.26,0.09,,,,,,,,,
0.19,0.64,0.99,0.25,0.08,,,,,,,,,
0.19,0.63,1,0.25,0.09,,,,,,,,,
0.19,0.63,0.99,0.25,0.09,,,,,,,,,
0.19,0.64,0.99,0.25,0.08,,,,,,,,,
0.19,0.64,1,0.25,0.08,,,,,,,,,
0.19,0.64,1,0.26,0.08,,,,,,,,,
0.19,0.64,1,0.25,0.08,,,,,,,,,
0.19,0.64,1,0.25,0.08,,,,,,,,,
0.19,0.64,1,0.26,0.08,,,,,,,,,
0.19,0.65,1,0.25,0.08,,,,,,,,,
0.19,0.64,0.99,0.25,0.09,,,,,,,,,
0.19,0.63,0.99,0.25,0.08,,,,,,,,,
0.19,0.63,0.99,0.25,0.08,,,,,,,,,
0.19,0.64,0.99,0.25,0.09,,,,,,,,,
0.19,0.64,0.99,0.25,0.08,,,,,,,,,
0.19,0.64,0.99,0.25,0.08,,,,,,,,,
0.19,0.64,0.99,0.26,0.08,,,,,,,,,
0.19,0.63,1,0.25,0.08,,,,,,,,,
0.19,0.64,0.99,0.25,0.08,,,,,,,,,
0.18,0.64,1,0.25,0.08,,,,,,,,,
0.19,0.64,0.99,0.25,0.08,,,,,,,,,
0.19,0.64,0.99,0.25,0.09,,,,,,,,,
0.19,0.64,0.99,0.25,0.08,,,,,,,,,
0.19,0.63,0.99,0.25,0.08,,,,,,,,,
0.19,0.63,1,0.26,0.08,,,,,,,,,
0.19,0.63,0.99,0.25,0.08,,,,,,,,,
0.19,0.63,0.98,0.25,0.08,,,,,,,,,
0.19,0.63,1,0.25,0.08,,,,,,,,,
0.19,0.63,0.99,0.26,0.08,,,,,,,,,
0.19,0.64,1,0.25,0.08,,,,,,,,,
0.19,0.63,1,0.25,0.09,,,,,,,,,
0.19,0.63,0.99,0.25,0.08,,,,,,,,,
0.19,0.64,0.99,0.26,0.09,,,,,,,,,
0.19,0.64,0.99,0.25,0.08,,,,,,,,,
0.19,0.64,0.99,0.25,0.08,,,,,,,,,
0.19,0.63,0.99,0.26,0.08,,,,,,,,,
0.19,0.64,1,0.25,0.08,,,,,,,,,
0.19,0.64,1,0.25,0.08,,,,,,,,,
0.19,0.64,0.99,0.25,0.08,,,,,,,,,
0.19,0.63,0.98,0.25,0.09,,,,,,,,,
0.19,0.63,0.99,0.26,0.09,,,,,,,,,
0.18,0.64,1,0.25,0.08,,,,,,,,,
0.19,0.64,1,0.25,0.08,,,,,,,,,
0.19,0.64,1,0.26,0.09,,,,,,,,,
0.19,0.63,0.99,0.25,0.08,,,,,,,,,
0.19,0.64,0.99,0.25,0.08,,,,,,,,,
0.19,0.64,0.99,0.25,0.08,,,,,,,,,
0.19,0.64,1,0.25,0.08,,,,,,,,,
0.19,0.63,0.99,0.25,0.08,,,,,,,,,
0.19,0.64,0.99,0.25,0.08,,,,,,,,,
0.18,0.63,0.98,0.25,0.09,,,,,,,,,
0.19,0.63,0.99,0.26,0.09,,,,,,,,,
0.19,0.63,0.99,0.25,0.09,,,,,,,,,
0.19,0.63,0.99,0.25,0.08,,,,,,,,,
0.19,0.63,0.99,0.26,0.08,,,,,,,,,
0.19,0.64,1,0.25,0.08,,,,,,,,,
0.19,0.64,0.99,0.25,0.09,,,,,,,,,
0.19,0.64,1,0.25,0.08,,,,,,,,,
0.19,0.64,0.99,0.25,0.08,,,,,,,,,
0.19,0.63,0.99,0.26,0.08,,,,,,,,,
0.19,0.63,0.98,0.25,0.08,,,,,,,,,
0.19,0.64,0.99,0.25,0.08,,,,,,,,,
0.18,0.63,0.99,0.26,0.08,,,,,,,,,
0.18,0.64,0.99,0.26,0.08,,,,,,,,,
0.19,0.63,0.99,0.25,0.08,,,,,,,,,
0.19,0.64,0.99,0.26,0.09,,,,,,,,,
0.19,0.64,0.99,0.25,0.08,,,,,,,,,
0.19,0.64,0.99,0.25,0.09,,,,,,,,,
0.19,0.63,1,0.25,0.08,,,,,,,,,
0.19,0.64,0.99,0.25,0.08,,,,,,,,,
0.19,0.63,1,0.26,0.08,,,,,,,,,
0.19,0.64,0.99,0.25,0.08,,,,,,,,,
0.19,0.64,1,0.25,0.08,,,,,,,,,
0.19,0.64,0.99,0.25,0.08,,,,,,,,,
0.18,0.64,0.99,0.25,0.08,,,,,,,,,
0.19,0.63,0.99,0.25,0.08,,,,,,,,,
0.19,0.64,0.99,0.25,0.08,,,,,,,,,
0.19,0.64,0.99,0.25,0.08,,,,,,,,,
0.19,0.64,0.99,0.25,0.09,,,,,,,,,
0.19,0.63,0.99,0.25,0.08,,,,,,,,,
0.19,0.63,0.99,0.25,0.08,,,,,,,,,
0.19,0.63,0.99,0.25,0.09,,,,,,,,,
0.19,0.64,0.99,0.25,0.08,,,,,,,,,
0.19,0.63,0.99,0.25,0.1,,,,,,,,,
0.19,0.64,0.99,0.25,0.08,,,,,,,,,
0.18,0.64,0.99,0.25,0.08,,,,,,,,,
0.19,0.63,1,0.26,0.08,,,,,,,,,
0.19,0.63,0.99,0.25,0.09,,,,,,,,,
0.19,0.63,1,0.25,0.08,,,,,,,,,
0.19,0.64,0.99,0.25,0.09,,,,,,,,,
0.19,0.63,0.99,0.25,0.08,,,,,,,,,
0.19,0.63,0.99,0.25,0.08,,,,,,,,,
0.19,0.64,0.99,0.25,0.08,,,,,,,,,
0.19,0.64,1,0.25,0.08,,,,,,,,,
0.18,0.63,0.99,0.25,0.08,,,,,,,,,
0.19,0.63,0.98,0.25,0.08,,,,,,,,,
0.19,0.64,0.99,0.26,0.09,,,,,,,,,
0.19,0.64,0.99,0.25,0.09,,,,,,,,,
0.19,0.64,0.99,0.25,0.09,,,,,,,,,
0.19,0.64,0.99,0.25,0.08,,,,,,,,,
0.19,0.63,0.99,0.25,0.08,,,,,,,,,
0.19,0.63,1,0.25,0.08,,,,,,,,,
0.19,0.64,1,0.25,0.08,,,,,,,,,
0.19,0.63,1,0.25,0.08,,,,,,,,,
0.19,0.64,0.99,0.25,0.08,,,,,,,,,
0.19,0.63,0.99,0.26,0.08,,,,,,,,,
0.19,0.63,0.99,0.25,0.08,,,,,,,,,
0.19,0.64,0.99,0.25,0.09,,,,,,,,,
0.19,0.64,0.99,0.26,0.09,,,,,,,,,
0.19,0.64,0.99,0.25,0.09,,,,,,,,,
0.19,0.64,0.99,0.25,0.08,,,,,,,,,
0.19,0.64,0.99,0.25,0.08,,,,,,,,,
0.19,0.64,0.99,0.25,0.08,,,,,,,,,
0.19,0.64,0.99,0.25,0.09,,,,,,,,,
0.19,0.64,0.99,0.25,0.08,,,,,,,,,
0.19,0.64,0.99,0.25,0.08,,,,,,,,,
0.19,0.64,0.99,0.26,0.09,,,,,,,,,
0.19,0.64,0.99,0.25,0.08,,,,,,,,,
0.18,0.64,0.99,0.25,0.08,,,,,,,,,
0.19,0.63,1,0.25,0.08,,,,,,,,,
0.19,0.63,0.99,0.26,0.08,,,,,,,,,
0.19,0.63,0.99,0.25,0.08,,,,,,,,,
0.19,0.63,1,0.25,0.08,,,,,,,,,
0.19,0.64,0.99,0.25,0.08,,,,,,,,,
0.18,0.64,0.99,0.26,0.08,,,,,,,,,
0.19,0.64,1,0.25,0.08,,,,,,,,,
0.19,0.63,0.99,0.25,0.08,,,,,,,,,
0.18,0.63,0.98,0.25,0.09,,,,,,,,,
0.19,0.64,0.99,0.25,0.08,,,,,,,,,
0.19,0.64,0.99,0.25,0.09,,,,,,,,,
0.19,0.64,0.99,0.25,0.08,,,,,,,,,
0.19,0.63,0.99,0.24,0.08,,,,,,,,,
0.19,0.63,1,0.26,0.08,,,,,,,,,
0.19,0.63,0.99,0.25,0.08,,,,,,,,,
0.19,0.63,1,0.25,0.08,,,,,,,,,
0.18,0.64,0.99,0.25,0.08,,,,,,,,,
0.19,0.64,0.99,0.25,0.08,,,,,,,,,
0.19,0.64,0.99,0.25,0.08,,,,,,,,,
0.19,0.63,0.98,0.25,0.08,,,,,,,,,
0.19,0.63,0.99,0.25,0.08,,,,,,,,,
0.18,0.64,0.99,0.25,0.09,,,,,,,,,
0.19,0.63,1,0.25,0.08,,,,,,,,,
0.19,0.63,1,0.26,0.08,,,,,,,,,
0.18,0.63,0.99,0.26,0.08,,,,,,,,,
0.19,0.63,1,0.25,0.08,,,,,,,,,
0.19,0.64,0.99,0.25,0.08,,,,,,,,,
0.18,0.63,0.99,0.25,0.08,,,,,,,,,
0.19,0.64,0.99,0.25,0.08,,,,,,,,,
0.19,0.64,0.99,0.25,0.08,,,,,,,,,
0.19,0.64,1,0.25,0.08,,,,,,,,,
0.19,0.64,1,0.25,0.08,,,,,,,,,
0.19,0.64,1,0.26,0.09,,,,,,,,,
0.19,0.63,0.99,0.25,0.08,,,,,,,,,
0.19,0.63,0.99,0.26,0.08,,,,,,,,,
0.19,0.63,0.99,0.26,0.08,,,,,,,,,
0.19,0.63,0.99,0.25,0.1,,,,,,,,,
0.19,0.64,0.99,0.25,0.08,,,,,,,,,
0.19,0.64,1,0.25,0.08,,,,,,,,,
0.19,0.63,1,0.25,0.08,,,,,,,,,
0.19,0.64,0.99,0.25,0.08,,,,,,,,,
0.18,0.63,0.99,0.25,0.08,,,,,,,,,
0.19,0.63,0.99,0.25,0.08,,,,,,,,,
0.18,0.64,0.99,0.26,0.09,,,,,,,,,
0.19,0.64,0.99,0.25,0.08,,,,,,,,,
0.19,0.64,1,0.26,0.08,,,,,,,,,
0.18,0.63,0.99,0.25,0.08,,,,,,,,,
0.19,0.63,0.99,0.25,0.08,,,,,,,,,
0.19,0.63,1,0.25,0.08,,,,,,,,,
0.19,0.63,1,0.25,0.08,,,,,,,,,
0.19,0.63,0.99,0.25,0.08,,,,,,,,,
0.19,0.64,0.99,0.26,0.09,,,,,,,,,
0.19,0.64,1,0.25,0.08,,,,,,,,,
0.19,0.63,0.99,0.25,0.08,,,,,,,,,
0.18,0.64,0.99,0.26,0.09,,,,,,,,,
0.19,0.64,0.99,0.25,0.08,,,,,,,,,
0.19,0.63,1,0.26,0.08,,,,,,,,,
0.19,0.63,1,0.25,0.08,,,,,,,,,
0.19,0.63,0.99,0.25,0.08,,,,,,,,,
0.19,0.64,0.99,0.25,0.09,,,,,,,,,
0.19,0.63,1,0.25,0.08,,,,,,,,,
0.19,0.64,0.99,0.25,0.08,,,,,,,,,
0.19,0.63,1,0.26,0.08,,,,,,,,,
0.19,0.63,1,0.25,0.09,,,,,,,,,
0.19,0.64,1,0.25,0.08,,,,,,,,,
0.18,0.63,0.98,0.24,0.09,,,,,,,,,
0.19,0.64,0.99,0.25,0.08,,,,,,,,,
0.19,0.64,0.99,0.25,0.09,,,,,,,,,
0.19,0.63,0.99,0.25,0.08,,,,,,,,,
0.19,0.63,0.99,0.25,0.08,,,,,,,,,
0.19,0.64,0.99,0.25,0.08,,,,,,,,,
0.19,0.64,1,0.25,0.08,,,,,,,,,
0.19,0.63,0.98,0.25,0.08,,,,,,,,,
0.18,0.63,0.99,0.26,0.09,,,,,,,,,
0.18,0.63,0.99,0.25,0.08,,,,,,,,,
0.19,0.63,0.99,0.25,0.08,,,,,,,,,
0.18,0.63,0.99,0.26,0.08,,,,,,,,,
0.19,0.64,0.99,0.25,0.08,,,,,,,,,
0.19,0.63,1,0.27,0.09,,,,,,,,,
0.19,0.64,0.99,0.25,0.08,,,,,,,,,
0.19,0.64,0.99,0.25,0.08,,,,,,,,,
0.18,0.64,0.99,0.24,0.08,,,,,,,,,
0.19,0.64,1,0.25,0.08,,,,,,,,,
0.19,0.63,0.99,0.25,0.08,,,,,,,,,
0.19,0.64,0.99,0.25,0.08,,,,,,,,,
0.18,0.63,0.99,0.25,0.08,,,,,,,,,
0.19,0.64,1,0.25,0.08,,,,,,,,,
0.18,0.63,0.99,0.25,0.09,,,,,,,,,
0.19,0.64,0.99,0.25,0.08,,,,,,,,,
0.19,0.64,0.99,0.26,0.09,,,,,,,,,
0.19,0.63,0.98,0.25,0.08,,,,,,,,,
0.19,0.64,0.99,0.25,0.09,,,,,,,,,
0.19,0.64,1,0.25,0.08,,,,,,,,,
0.19,0.64,0.99,0.25,0.08,,,,,,,,,
0.19,0.64,0.99,0.25,0.08,,,,,,,,,
0,,,,,,,,,,,,,
